model,upstream_product,upstream_identifier,upstream_long_name,canonical_candidate_name,category,level_type,level,units,temporal_semantics,step_type,step_range_pattern,accumulation_or_interval_window,required_lead_min,required_lead_max,required_lead_cadence,applicable_at_f000,lead_completeness,member_scope,member_completeness,raw_upstream,directly_ingestible,derived,derivation_dependencies,ingestion_constraints,current_repo_support,current_repo_locations,product_usefulness,tier,evidence_type,evidence_reference,confidence,notes
gfs,pgrb2.0p25,CLMR,NCEP Parameter CLMR,clmr_1_hybrid_level,Atmospheric / Miscellaneous,hybrid,1 hybrid level,unknown,instant,instant,N/A,N/A,0,240,3h,True,81/81 leads (100% on 3h grid),deterministic (single run),complete (deterministic),True,False,False,None,Requires temporal interval handling or de-accumulation,False,None,Low,Tier D (Low Value / Specialized),OBSERVED_EXHAUSTIVE,AWS S3 gfs.20260828/00/atmos/gfs.t00z.pgrb2.0p25.fXXX.idx (2:1005933:d=2026082800:CLMR:1 hybrid level:anl:),HIGH,NCEP parameter
gfs,pgrb2.0p25,GRLE,NCEP Parameter GRLE,grle_1_hybrid_level,Atmospheric / Miscellaneous,hybrid,1 hybrid level,unknown,instant,instant,N/A,N/A,0,240,3h,True,81/81 leads (100% on 3h grid),deterministic (single run),complete (deterministic),True,True,False,None,None,False,None,Low,Tier D (Low Value / Specialized),OBSERVED_EXHAUSTIVE,AWS S3 gfs.20260828/00/atmos/gfs.t00z.pgrb2.0p25.fXXX.idx (6:1673283:d=2026082800:GRLE:1 hybrid level:anl:),HIGH,NCEP parameter
gfs,pgrb2.0p25,ICMR,NCEP Parameter ICMR,icmr_1_hybrid_level,Atmospheric / Miscellaneous,hybrid,1 hybrid level,unknown,instant,instant,N/A,N/A,0,240,3h,True,81/81 leads (100% on 3h grid),deterministic (single run),complete (deterministic),True,True,False,None,None,False,None,Low,Tier D (Low Value / Specialized),OBSERVED_EXHAUSTIVE,AWS S3 gfs.20260828/00/atmos/gfs.t00z.pgrb2.0p25.fXXX.idx (3:1109303:d=2026082800:ICMR:1 hybrid level:anl:),HIGH,NCEP parameter
gfs,pgrb2.0p25,RWMR,NCEP Parameter RWMR,rwmr_1_hybrid_level,Atmospheric / Miscellaneous,hybrid,1 hybrid level,unknown,instant,instant,N/A,N/A,0,240,3h,True,81/81 leads (100% on 3h grid),deterministic (single run),complete (deterministic),True,True,False,None,None,False,None,Low,Tier D (Low Value / Specialized),OBSERVED_EXHAUSTIVE,AWS S3 gfs.20260828/00/atmos/gfs.t00z.pgrb2.0p25.fXXX.idx (4:1313613:d=2026082800:RWMR:1 hybrid level:anl:),HIGH,NCEP parameter
gfs,pgrb2.0p25,SNMR,NCEP Parameter SNMR,snmr_1_hybrid_level,Atmospheric / Miscellaneous,hybrid,1 hybrid level,unknown,instant,instant,N/A,N/A,0,240,3h,True,81/81 leads (100% on 3h grid),deterministic (single run),complete (deterministic),True,True,False,None,None,False,None,Low,Tier D (Low Value / Specialized),OBSERVED_EXHAUSTIVE,AWS S3 gfs.20260828/00/atmos/gfs.t00z.pgrb2.0p25.fXXX.idx (5:1614746:d=2026082800:SNMR:1 hybrid level:anl:),HIGH,NCEP parameter
gfs,pgrb2.0p25,VVEL,NCEP Parameter VVEL,vvel_0_995_sigma_level,Atmospheric / Miscellaneous,sigma,0.995 sigma level,unknown,instant,instant,N/A,N/A,0,240,3h,True,81/81 leads (100% on 3h grid),deterministic (single run),complete (deterministic),True,True,False,None,None,False,None,Low,Tier D (Low Value / Specialized),OBSERVED_EXHAUSTIVE,AWS S3 gfs.20260828/00/atmos/gfs.t00z.pgrb2.0p25.fXXX.idx (676:502668376:d=2026082800:VVEL:0.995 sigma level:anl:),HIGH,NCEP parameter
gfs,pgrb2.0p25,TOZNE,Total Column Ozone,total_ozone_entire_atmosphere_considered_as_a_single_layer,Atmospheric Composition,atmosphere,entire atmosphere (considered as a single layer),Dobson Units,instant,instant,N/A,N/A,0,240,3h,True,81/81 leads (100% on 3h grid),deterministic (single run),complete (deterministic),True,True,False,None,None,False,None,Low,Tier D (Low Value / Specialized),OBSERVED_EXHAUSTIVE,AWS S3 gfs.20260828/00/atmos/gfs.t00z.pgrb2.0p25.fXXX.idx (607:437623802:d=2026082800:TOZNE:entire atmosphere (considered as a single layer):anl:),HIGH,Vertically integrated atmospheric ozone column
gfs,pgrb2.0p25,PWAT,Precipitable Water,precipitable_water,Atmospheric Moisture Column,atmosphere,entire atmosphere (considered as a single layer),kg/m^2,instant,instant,N/A,N/A,0,240,3h,True,81/81 leads (100% on 3h grid),deterministic (single run),complete (deterministic),True,True,False,None,None,False,None,High,Tier A (Strong Raw Candidate),OBSERVED_EXHAUSTIVE,AWS S3 gfs.20260828/00/atmos/gfs.t00z.pgrb2.0p25.fXXX.idx (604:435358646:d=2026082800:PWAT:entire atmosphere (considered as a single layer):anl:),HIGH,Total atmospheric column water vapor depth
gfs,pgrb2.0p25,VIS,Visibility,visibility,Aviation / Surface,surface,surface,m,instant,instant,N/A,N/A,0,240,3h,True,81/81 leads (100% on 3h grid),deterministic (single run),complete (deterministic),True,True,False,None,None,False,None,High,Tier A (Strong Raw Candidate),OBSERVED_EXHAUSTIVE,AWS S3 gfs.20260828/00/atmos/gfs.t00z.pgrb2.0p25.fXXX.idx (10:4339483:d=2026082800:VIS:surface:anl:),HIGH,Horizontal visibility distance at surface
gfs,pgrb2.0p25,ICAHT,Icing/Turbulence Base/Top,icing_height_max_wind,Aviation Hazard,maxWind,max wind,m,instant,instant,N/A,N/A,0,240,3h,True,81/81 leads (100% on 3h grid),deterministic (single run),complete (deterministic),True,True,False,None,None,False,None,Low,Tier D (Low Value / Specialized),OBSERVED_EXHAUSTIVE,AWS S3 gfs.20260828/00/atmos/gfs.t00z.pgrb2.0p25.fXXX.idx (624:453725759:d=2026082800:ICAHT:max wind:anl:),HIGH,Height of critical aviation turbulence or icing layer
gfs,pgrb2.0p25,ICAHT,Icing/Turbulence Base/Top,icing_height_tropopause,Aviation Hazard,tropopause,tropopause,m,instant,instant,N/A,N/A,0,240,3h,True,81/81 leads (100% on 3h grid),deterministic (single run),complete (deterministic),True,True,False,None,None,False,None,Low,Tier D (Low Value / Specialized),OBSERVED_EXHAUSTIVE,AWS S3 gfs.20260828/00/atmos/gfs.t00z.pgrb2.0p25.fXXX.idx (617:446474465:d=2026082800:ICAHT:tropopause:anl:),HIGH,Height of critical aviation turbulence or icing layer
gfs,pgrb2.0p25,HPBL,Planetary Boundary Layer Height,pbl_height,Boundary Layer,surface,surface,m,instant,instant,N/A,N/A,0,240,3h,True,81/81 leads (100% on 3h grid),deterministic (single run),complete (deterministic),True,True,False,None,None,False,None,Low,Tier D (Low Value / Specialized),OBSERVED_EXHAUSTIVE,AWS S3 gfs.20260828/00/atmos/gfs.t00z.pgrb2.0p25.fXXX.idx (666:494369837:d=2026082800:HPBL:surface:anl:),HIGH,Depth of planetary boundary layer above ground level
gfs,pgrb2.0p25,CFRZR,Categorical Freezing Rain,freezing_rain_category,Categorical Precipitation,surface,surface,0/1 flag,average,average,0-6h resetting (GFS) / 3h-6h alternating (GEFS),6h / 3h-6h,0,240,3h,False,"80/81 leads (100% post-analysis, absent at f000 by design)",deterministic (single run),complete (deterministic),True,False,False,None,Requires temporal interval handling or de-accumulation,False,None,Medium,Tier C (Categorical / Probability Design),OBSERVED_EXHAUSTIVE,AWS S3 gfs.20260828/00/atmos/gfs.t00z.pgrb2.0p25.fXXX.idx (592:430540836:d=2026082800:CFRZR:surface:anl:),HIGH,Categorical binary flag or ensemble probability for freezing rain
gfs,pgrb2.0p25,CICEP,Categorical Ice Pellets,ice_pellets_category,Categorical Precipitation,surface,surface,0/1 flag,average,average,0-6h resetting (GFS) / 3h-6h alternating (GEFS),6h / 3h-6h,0,240,3h,False,"80/81 leads (100% post-analysis, absent at f000 by design)",deterministic (single run),complete (deterministic),True,False,False,None,Requires temporal interval handling or de-accumulation,False,None,Medium,Tier C (Categorical / Probability Design),OBSERVED_EXHAUSTIVE,AWS S3 gfs.20260828/00/atmos/gfs.t00z.pgrb2.0p25.fXXX.idx (591:430540657:d=2026082800:CICEP:surface:anl:),HIGH,Categorical binary flag or ensemble probability for sleet/ice pellets
gfs,pgrb2.0p25,CRAIN,Categorical Rain,rain_category,Categorical Precipitation,surface,surface,0/1 flag,average,average,0-6h resetting (GFS) / 3h-6h alternating (GEFS),6h / 3h-6h,0,240,3h,False,"80/81 leads (100% post-analysis, absent at f000 by design)",deterministic (single run),complete (deterministic),True,False,False,None,Requires temporal interval handling or de-accumulation,False,None,Medium,Tier C (Categorical / Probability Design),OBSERVED_EXHAUSTIVE,AWS S3 gfs.20260828/00/atmos/gfs.t00z.pgrb2.0p25.fXXX.idx (593:430542809:d=2026082800:CRAIN:surface:anl:),HIGH,Categorical binary flag or ensemble probability for liquid rain
gfs,pgrb2.0p25,CSNOW,Categorical Snow,snow_category,Categorical Precipitation,surface,surface,0/1 flag,average,average,0-6h resetting (GFS) / 3h-6h alternating (GEFS),6h / 3h-6h,0,240,3h,False,"80/81 leads (100% post-analysis, absent at f000 by design)",deterministic (single run),complete (deterministic),True,False,False,None,Requires temporal interval handling or de-accumulation,False,None,Medium,Tier C (Categorical / Probability Design),OBSERVED_EXHAUSTIVE,AWS S3 gfs.20260828/00/atmos/gfs.t00z.pgrb2.0p25.fXXX.idx (590:430515234:d=2026082800:CSNOW:surface:anl:),HIGH,Categorical binary flag or ensemble probability for snow
gfs,pgrb2.0p25,CNWAT,Convective Cloud Water,convective_cloud_water,Clouds / Moisture,surface,surface,kg/m^2,instant,instant,N/A,N/A,0,240,3h,True,81/81 leads (100% on 3h grid),deterministic (single run),complete (deterministic),True,False,False,None,Requires temporal interval handling or de-accumulation,False,None,Low,Tier D (Low Value / Specialized),OBSERVED_EXHAUSTIVE,AWS S3 gfs.20260828/00/atmos/gfs.t00z.pgrb2.0p25.fXXX.idx (576:422432281:d=2026082800:CNWAT:surface:anl:),HIGH,Vertically integrated convective cloud water mass
gfs,pgrb2.0p25,CWAT,Cloud Water (Atmospheric Column),cloud_water_column_entire_atmosphere_considered_as_a_single_layer,Clouds / Moisture,atmosphere,entire atmosphere (considered as a single layer),kg/m^2,instant,instant,N/A,N/A,0,240,3h,True,81/81 leads (100% on 3h grid),deterministic (single run),complete (deterministic),True,False,False,None,Requires temporal interval handling or de-accumulation,False,None,Low,Tier D (Low Value / Specialized),OBSERVED_EXHAUSTIVE,AWS S3 gfs.20260828/00/atmos/gfs.t00z.pgrb2.0p25.fXXX.idx (605:436591554:d=2026082800:CWAT:entire atmosphere (considered as a single layer):anl:),HIGH,Vertically integrated liquid and ice cloud water mass
gfs,pgrb2.0p25,HCDC,High Cloud Cover,cloud_cover_high_high_cloud_layer,Clouds / Radiation,cloudLayer,high cloud layer,%,average,average,0-6h resetting (GFS) / 3h-6h alternating (GEFS),6h / 3h-6h,0,240,3h,False,"80/81 leads (100% post-analysis, absent at f000 by design)",deterministic (single run),complete (deterministic),True,False,False,None,Requires temporal interval handling or de-accumulation,False,None,Low,Tier D (Low Value / Specialized),OBSERVED_EXHAUSTIVE,AWS S3 gfs.20260828/00/atmos/gfs.t00z.pgrb2.0p25.fXXX.idx (610:439600704:d=2026082800:HCDC:high cloud layer:anl:),HIGH,Fraction of sky covered by high-altitude clouds (cirrus)
gfs,pgrb2.0p25,LCDC,Low Cloud Cover,cloud_cover_low_low_cloud_layer,Clouds / Radiation,cloudLayer,low cloud layer,%,average,average,0-6h resetting (GFS) / 3h-6h alternating (GEFS),6h / 3h-6h,0,240,3h,False,"80/81 leads (100% post-analysis, absent at f000 by design)",deterministic (single run),complete (deterministic),True,False,False,None,Requires temporal interval handling or de-accumulation,False,None,Low,Tier D (Low Value / Specialized),OBSERVED_EXHAUSTIVE,AWS S3 gfs.20260828/00/atmos/gfs.t00z.pgrb2.0p25.fXXX.idx (608:438230336:d=2026082800:LCDC:low cloud layer:anl:),HIGH,Fraction of sky covered by low-altitude clouds (stratus/stratocumulus)
gfs,pgrb2.0p25,MCDC,Middle Cloud Cover,cloud_cover_mid_middle_cloud_layer,Clouds / Radiation,cloudLayer,middle cloud layer,%,average,average,0-6h resetting (GFS) / 3h-6h alternating (GEFS),6h / 3h-6h,0,240,3h,False,"80/81 leads (100% post-analysis, absent at f000 by design)",deterministic (single run),complete (deterministic),True,False,False,None,Requires temporal interval handling or de-accumulation,False,None,Low,Tier D (Low Value / Specialized),OBSERVED_EXHAUSTIVE,AWS S3 gfs.20260828/00/atmos/gfs.t00z.pgrb2.0p25.fXXX.idx (609:439009792:d=2026082800:MCDC:middle cloud layer:anl:),HIGH,Fraction of sky covered by mid-altitude clouds (altocumulus/altostratus)
gfs,pgrb2.0p25,TCDC,Total Cloud Cover,cloud_cover_total_boundary_layer_cloud_layer,Clouds / Radiation,cloudLayer,boundary layer cloud layer,%,average,average,0-6h resetting (GFS) / 3h-6h alternating (GEFS),6h / 3h-6h,0,240,3h,False,"80/81 leads (100% post-analysis, absent at f000 by design)",deterministic (single run),complete (deterministic),True,False,False,None,Requires temporal interval handling or de-accumulation,False,None,Low,Tier D (Low Value / Specialized),OBSERVED_EXHAUSTIVE,AWS S3 gfs.20260828/00/atmos/gfs.t00z.pgrb2.0p25.fXXX.idx (651:469574066:d=2026082800:TCDC:boundary layer cloud layer:0-3 hour ave fcst:),HIGH,Fraction of sky covered by all cloud types
gfs,pgrb2.0p25,TCDC,Total Cloud Cover,cloud_cover_total_convective_cloud_layer,Clouds / Radiation,cloudLayer,convective cloud layer,%,instant,instant,N/A,N/A,0,240,3h,True,81/81 leads (100% on 3h grid),deterministic (single run),complete (deterministic),True,True,False,None,None,False,None,Low,Tier D (Low Value / Specialized),OBSERVED_EXHAUSTIVE,AWS S3 gfs.20260828/00/atmos/gfs.t00z.pgrb2.0p25.fXXX.idx (650:468838608:d=2026082800:TCDC:convective cloud layer:3 hour fcst:),HIGH,Fraction of sky covered by all cloud types
gfs,pgrb2.0p25,TCDC,Total Cloud Cover,cloud_cover_total,Clouds / Radiation,atmosphere,entire atmosphere,%,average,average,0-6h resetting (GFS) / 3h-6h alternating (GEFS),6h / 3h-6h,0,240,3h,False,"80/81 leads (100% post-analysis, absent at f000 by design)",deterministic (single run),complete (deterministic),True,False,False,None,Requires temporal interval handling or de-accumulation,False,None,High,Tier A (Strong Raw Candidate),OBSERVED_EXHAUSTIVE,AWS S3 gfs.20260828/00/atmos/gfs.t00z.pgrb2.0p25.fXXX.idx (611:440309192:d=2026082800:TCDC:entire atmosphere:anl:),HIGH,Fraction of sky covered by all cloud types
gfs,pgrb2.0p25,CAPE,Convective Available Potential Energy,cape_180_0_mb_above_ground,Convective / Instability,heightAboveGround,180-0 mb above ground,J/kg,instant,instant,N/A,N/A,0,240,3h,True,81/81 leads (100% on 3h grid),deterministic (single run),complete (deterministic),True,False,False,None,Requires temporal interval handling or de-accumulation,False,None,Low,Tier D (Low Value / Specialized),OBSERVED_EXHAUSTIVE,AWS S3 gfs.20260828/00/atmos/gfs.t00z.pgrb2.0p25.fXXX.idx (664:493410065:d=2026082800:CAPE:180-0 mb above ground:anl:),HIGH,Buoyant energy available to an air parcel lifted adiabatically
gfs,pgrb2.0p25,CAPE,Convective Available Potential Energy,cape_255_0_mb_above_ground,Convective / Instability,heightAboveGround,255-0 mb above ground,J/kg,instant,instant,N/A,N/A,0,240,3h,True,81/81 leads (100% on 3h grid),deterministic (single run),complete (deterministic),True,False,False,None,Requires temporal interval handling or de-accumulation,False,None,Low,Tier D (Low Value / Specialized),OBSERVED_EXHAUSTIVE,AWS S3 gfs.20260828/00/atmos/gfs.t00z.pgrb2.0p25.fXXX.idx (679:504497403:d=2026082800:CAPE:255-0 mb above ground:anl:),HIGH,Buoyant energy available to an air parcel lifted adiabatically
gfs,pgrb2.0p25,CAPE,Convective Available Potential Energy,cape_90_0_mb_above_ground,Convective / Instability,heightAboveGround,90-0 mb above ground,J/kg,instant,instant,N/A,N/A,0,240,3h,True,81/81 leads (100% on 3h grid),deterministic (single run),complete (deterministic),True,False,False,None,Requires temporal interval handling or de-accumulation,False,None,Low,Tier D (Low Value / Specialized),OBSERVED_EXHAUSTIVE,AWS S3 gfs.20260828/00/atmos/gfs.t00z.pgrb2.0p25.fXXX.idx (677:503630838:d=2026082800:CAPE:90-0 mb above ground:anl:),HIGH,Buoyant energy available to an air parcel lifted adiabatically
gfs,pgrb2.0p25,CAPE,Convective Available Potential Energy,cape_surface,Convective / Instability,surface,surface,J/kg,instant,instant,N/A,N/A,0,240,3h,True,81/81 leads (100% on 3h grid),deterministic (single run),complete (deterministic),True,False,False,None,Requires temporal interval handling or de-accumulation,False,None,High,Tier A (Strong Raw Candidate),OBSERVED_EXHAUSTIVE,AWS S3 gfs.20260828/00/atmos/gfs.t00z.pgrb2.0p25.fXXX.idx (602:434442497:d=2026082800:CAPE:surface:anl:),HIGH,Buoyant energy available to an air parcel lifted adiabatically
gfs,pgrb2.0p25,CIN,Convective Inhibition,cin_180_0_mb_above_ground,Convective / Instability,heightAboveGround,180-0 mb above ground,J/kg,instant,instant,N/A,N/A,0,240,3h,True,81/81 leads (100% on 3h grid),deterministic (single run),complete (deterministic),True,False,False,None,Requires temporal interval handling or de-accumulation,False,None,Low,Tier D (Low Value / Specialized),OBSERVED_EXHAUSTIVE,AWS S3 gfs.20260828/00/atmos/gfs.t00z.pgrb2.0p25.fXXX.idx (665:493968212:d=2026082800:CIN:180-0 mb above ground:anl:),HIGH,Energy barrier preventing an air parcel from reaching its LFC
gfs,pgrb2.0p25,CIN,Convective Inhibition,cin_255_0_mb_above_ground,Convective / Instability,heightAboveGround,255-0 mb above ground,J/kg,instant,instant,N/A,N/A,0,240,3h,True,81/81 leads (100% on 3h grid),deterministic (single run),complete (deterministic),True,False,False,None,Requires temporal interval handling or de-accumulation,False,None,Low,Tier D (Low Value / Specialized),OBSERVED_EXHAUSTIVE,AWS S3 gfs.20260828/00/atmos/gfs.t00z.pgrb2.0p25.fXXX.idx (680:505051501:d=2026082800:CIN:255-0 mb above ground:anl:),HIGH,Energy barrier preventing an air parcel from reaching its LFC
gfs,pgrb2.0p25,CIN,Convective Inhibition,cin_90_0_mb_above_ground,Convective / Instability,heightAboveGround,90-0 mb above ground,J/kg,instant,instant,N/A,N/A,0,240,3h,True,81/81 leads (100% on 3h grid),deterministic (single run),complete (deterministic),True,False,False,None,Requires temporal interval handling or de-accumulation,False,None,Low,Tier D (Low Value / Specialized),OBSERVED_EXHAUSTIVE,AWS S3 gfs.20260828/00/atmos/gfs.t00z.pgrb2.0p25.fXXX.idx (678:504129706:d=2026082800:CIN:90-0 mb above ground:anl:),HIGH,Energy barrier preventing an air parcel from reaching its LFC
gfs,pgrb2.0p25,CIN,Convective Inhibition,cin_surface,Convective / Instability,surface,surface,J/kg,instant,instant,N/A,N/A,0,240,3h,True,81/81 leads (100% on 3h grid),deterministic (single run),complete (deterministic),True,False,False,None,Requires temporal interval handling or de-accumulation,False,None,High,Tier A (Strong Raw Candidate),OBSERVED_EXHAUSTIVE,AWS S3 gfs.20260828/00/atmos/gfs.t00z.pgrb2.0p25.fXXX.idx (603:435017455:d=2026082800:CIN:surface:anl:),HIGH,Energy barrier preventing an air parcel from reaching its LFC
gfs,pgrb2.0p25,4LFTX,Best (4-layer) Lifted Index,lifted_index_4layer,Convective / Severe,surface,surface,K,instant,instant,N/A,N/A,0,240,3h,True,81/81 leads (100% on 3h grid),deterministic (single run),complete (deterministic),True,True,False,None,None,False,None,Low,Tier D (Low Value / Specialized),OBSERVED_EXHAUSTIVE,AWS S3 gfs.20260828/00/atmos/gfs.t00z.pgrb2.0p25.fXXX.idx (663:492882533:d=2026082800:4LFTX:surface:anl:),HIGH,Atmospheric stability index computed over lowest 4 layers
gfs,pgrb2.0p25,HLCY,Storm Relative Helicity,helicity_3000_0_m_above_ground,Convective / Severe,heightAboveGround,3000-0 m above ground,m^2/s^2,instant,instant,N/A,N/A,0,240,3h,True,81/81 leads (100% on 3h grid),deterministic (single run),complete (deterministic),True,True,False,None,None,False,None,Low,Tier D (Low Value / Specialized),OBSERVED_EXHAUSTIVE,AWS S3 gfs.20260828/00/atmos/gfs.t00z.pgrb2.0p25.fXXX.idx (613:442395076:d=2026082800:HLCY:3000-0 m above ground:anl:),HIGH,Measure of potential for cyclonic updraft rotation in thunderstorms
gfs,pgrb2.0p25,LFTX,Surface Lifted Index,lifted_index_surface,Convective / Severe,surface,surface,K,instant,instant,N/A,N/A,0,240,3h,True,81/81 leads (100% on 3h grid),deterministic (single run),complete (deterministic),True,True,False,None,None,False,None,Low,Tier D (Low Value / Specialized),OBSERVED_EXHAUSTIVE,AWS S3 gfs.20260828/00/atmos/gfs.t00z.pgrb2.0p25.fXXX.idx (601:433888860:d=2026082800:LFTX:surface:anl:),HIGH,Surface-based atmospheric lifted stability index
gfs,pgrb2.0p25,PLPL,Pressure of Parcel Starting Level,parcel_lift_pressure_255_0_mb_above_ground,Convective / Severe,heightAboveGround,255-0 mb above ground,Pa,instant,instant,N/A,N/A,0,240,3h,True,81/81 leads (100% on 3h grid),deterministic (single run),complete (deterministic),True,True,False,None,None,False,None,Low,Tier D (Low Value / Specialized),OBSERVED_EXHAUSTIVE,AWS S3 gfs.20260828/00/atmos/gfs.t00z.pgrb2.0p25.fXXX.idx (681:505402350:d=2026082800:PLPL:255-0 mb above ground:anl:),HIGH,Pressure level from which the most unstable parcel originates
gfs,pgrb2.0p25,CWORK,Cloud Work Function,cloud_work_function_entire_atmosphere_considered_as_a_single_layer,Convective Dynamics,atmosphere,entire atmosphere (considered as a single layer),J/kg,average,average,0-6h resetting (GFS) / 3h-6h alternating (GEFS),6h / 3h-6h,0,240,3h,False,"80/81 leads (100% post-analysis, absent at f000 by design)",deterministic (single run),complete (deterministic),True,False,False,None,Requires temporal interval handling or de-accumulation,False,None,Low,Tier D (Low Value / Specialized),OBSERVED_EXHAUSTIVE,AWS S3 gfs.20260828/00/atmos/gfs.t00z.pgrb2.0p25.fXXX.idx (652:470298692:d=2026082800:CWORK:entire atmosphere (considered as a single layer):0-3 hour ave fcst:),HIGH,Measure of convective cloud generation / Arakawa-Schubert closure
gfs,pgrb2.0p25,ICEC,Ice Cover / Concentration,ice_concentration,Cryosphere / Ocean,surface,surface,fraction,instant,instant,N/A,N/A,0,240,3h,True,81/81 leads (100% on 3h grid),deterministic (single run),complete (deterministic),True,True,False,None,None,False,None,Low,Tier D (Low Value / Specialized),OBSERVED_EXHAUSTIVE,AWS S3 gfs.20260828/00/atmos/gfs.t00z.pgrb2.0p25.fXXX.idx (683:506384482:d=2026082800:ICEC:surface:anl:),HIGH,Fractional sea ice cover on ocean surface
gfs,pgrb2.0p25,ICEG,Ice Growth Rate,ice_growth_rate_10_m_above_mean_sea_level,Cryosphere / Ocean,meanSeaLevel,10 m above mean sea level,m/s,instant,instant,N/A,N/A,0,240,3h,True,81/81 leads (100% on 3h grid),deterministic (single run),complete (deterministic),True,True,False,None,None,False,None,Low,Tier D (Low Value / Specialized),OBSERVED_EXHAUSTIVE,AWS S3 gfs.20260828/00/atmos/gfs.t00z.pgrb2.0p25.fXXX.idx (587:429234095:d=2026082800:ICEG:10 m above mean sea level:anl:),HIGH,Rate of sea ice thermodynamic thickness change
gfs,pgrb2.0p25,ICETK,Ice Thickness,ice_thickness,Cryosphere / Ocean,surface,surface,m,instant,instant,N/A,N/A,0,240,3h,True,81/81 leads (100% on 3h grid),deterministic (single run),complete (deterministic),True,True,False,None,None,False,None,Low,Tier D (Low Value / Specialized),OBSERVED_EXHAUSTIVE,AWS S3 gfs.20260828/00/atmos/gfs.t00z.pgrb2.0p25.fXXX.idx (579:423561176:d=2026082800:ICETK:surface:anl:),HIGH,Sea ice physical thickness
gfs,pgrb2.0p25,ICETMP,Ice Surface Temperature,ice_temperature,Cryosphere / Ocean,surface,surface,K,instant,instant,N/A,N/A,0,240,3h,True,81/81 leads (100% on 3h grid),deterministic (single run),complete (deterministic),True,True,False,None,None,False,None,Low,Tier D (Low Value / Specialized),OBSERVED_EXHAUSTIVE,AWS S3 gfs.20260828/00/atmos/gfs.t00z.pgrb2.0p25.fXXX.idx (684:506494810:d=2026082800:ICETMP:surface:anl:),HIGH,Thermodynamic surface temperature of sea ice
gfs,pgrb2.0p25,SNOD,Snow Depth,snow_depth,Cryosphere / Snow,surface,surface,m,instant,instant,N/A,N/A,0,240,3h,True,81/81 leads (100% on 3h grid),deterministic (single run),complete (deterministic),True,True,False,None,None,False,None,High,Tier A (Strong Raw Candidate),OBSERVED_EXHAUSTIVE,AWS S3 gfs.20260828/00/atmos/gfs.t00z.pgrb2.0p25.fXXX.idx (578:423131172:d=2026082800:SNOD:surface:anl:),HIGH,Physical depth of snow cover on ground surface
gfs,pgrb2.0p25,WEASD,Water Equiv of Accum Snow Depth,snow_water_equivalent,Cryosphere / Snow,surface,surface,kg/m^2,instant,instant,N/A,N/A,0,240,3h,True,81/81 leads (100% on 3h grid),deterministic (single run),complete (deterministic),True,True,False,None,None,False,None,Low,Tier D (Low Value / Specialized),OBSERVED_EXHAUSTIVE,AWS S3 gfs.20260828/00/atmos/gfs.t00z.pgrb2.0p25.fXXX.idx (577:422712154:d=2026082800:WEASD:surface:anl:),HIGH,Water equivalent mass of total snow pack on surface
gfs,pgrb2.0p25,HINDEX,Haines Index (Fire Weather),haines_index,Fire Weather / Severity,surface,surface,1-6 index,instant,instant,N/A,N/A,0,240,3h,True,81/81 leads (100% on 3h grid),deterministic (single run),complete (deterministic),True,True,False,None,None,False,None,Low,Tier D (Low Value / Specialized),OBSERVED_EXHAUSTIVE,AWS S3 gfs.20260828/00/atmos/gfs.t00z.pgrb2.0p25.fXXX.idx (525:391731808:d=2026082800:HINDEX:surface:anl:),HIGH,Lower atmospheric stability and moisture index for wildfire potential
gfs,pgrb2.0p25,U-GWD,Zonal Gravity Wave Stress,gravity_wave_stress_u,Gravity Wave Drag,surface,surface,N/m^2,average,average,0-6h resetting (GFS) / 3h-6h alternating (GEFS),6h / 3h-6h,0,240,3h,False,"80/81 leads (100% post-analysis, absent at f000 by design)",deterministic (single run),complete (deterministic),True,False,False,None,Requires temporal interval handling or de-accumulation,False,None,Low,Tier D (Low Value / Specialized),OBSERVED_EXHAUSTIVE,AWS S3 gfs.20260828/00/atmos/gfs.t00z.pgrb2.0p25.fXXX.idx (616:443123113:d=2026082800:U-GWD:surface:0-3 hour ave fcst:),HIGH,Zonal surface stress from orographic gravity wave drag
gfs,pgrb2.0p25,V-GWD,Meridional Gravity Wave Stress,gravity_wave_stress_v,Gravity Wave Drag,surface,surface,N/m^2,average,average,0-6h resetting (GFS) / 3h-6h alternating (GEFS),6h / 3h-6h,0,240,3h,False,"80/81 leads (100% post-analysis, absent at f000 by design)",deterministic (single run),complete (deterministic),True,False,False,None,Requires temporal interval handling or de-accumulation,False,None,Low,Tier D (Low Value / Specialized),OBSERVED_EXHAUSTIVE,AWS S3 gfs.20260828/00/atmos/gfs.t00z.pgrb2.0p25.fXXX.idx (617:443383943:d=2026082800:V-GWD:surface:0-3 hour ave fcst:),HIGH,Meridional surface stress from orographic gravity wave drag
gfs,pgrb2.0p25,PEVPR,Potential Evaporation Rate,potential_evaporation_rate,Hydrology / Evaporation,surface,surface,W/m^2,instant,instant,N/A,N/A,0,240,3h,True,81/81 leads (100% on 3h grid),deterministic (single run),complete (deterministic),True,True,False,None,None,False,None,Low,Tier D (Low Value / Specialized),OBSERVED_EXHAUSTIVE,AWS S3 gfs.20260828/00/atmos/gfs.t00z.pgrb2.0p25.fXXX.idx (579:425828493:d=2026082800:PEVPR:surface:3 hour fcst:),HIGH,Potential atmospheric evaporative demand rate
gfs,pgrb2.0p25,WATR,Water Runoff,water_runoff,Hydrology / Runoff,surface,surface,kg/m^2,accumulation,accum,0-6h resetting (GFS) / 3h-6h alternating (GEFS),6h / 3h-6h,0,240,3h,False,"80/81 leads (100% post-analysis, absent at f000 by design)",deterministic (single run),complete (deterministic),True,False,False,None,Requires temporal interval handling or de-accumulation,False,None,Low,Tier D (Low Value / Specialized),OBSERVED_EXHAUSTIVE,AWS S3 gfs.20260828/00/atmos/gfs.t00z.pgrb2.0p25.fXXX.idx (600:437368450:d=2026082800:WATR:surface:0-3 hour acc fcst:),HIGH,Total accumulated surface and sub-surface hydrological runoff
gfs,pgrb2.0p25,VRATE,Ventilation Rate,ventilation_rate_planetary_boundary_layer,Kinematic / Air Quality,nominal,planetary boundary layer,m^2/s,instant,instant,N/A,N/A,0,240,3h,True,81/81 leads (100% on 3h grid),deterministic (single run),complete (deterministic),True,True,False,None,None,False,None,Low,Tier D (Low Value / Specialized),OBSERVED_EXHAUSTIVE,AWS S3 gfs.20260828/00/atmos/gfs.t00z.pgrb2.0p25.fXXX.idx (13:6257137:d=2026082800:VRATE:planetary boundary layer:anl:),HIGH,Boundary layer height multiplied by average wind speed
gfs,pgrb2.0p25,USTM,U-Component Storm Motion,storm_motion_u_6000_0_m_above_ground,Kinematic / Convective,heightAboveGround,6000-0 m above ground,m/s,instant,instant,N/A,N/A,0,240,3h,True,81/81 leads (100% on 3h grid),deterministic (single run),complete (deterministic),True,True,False,None,None,False,None,Low,Tier D (Low Value / Specialized),OBSERVED_EXHAUSTIVE,AWS S3 gfs.20260828/00/atmos/gfs.t00z.pgrb2.0p25.fXXX.idx (614:443099040:d=2026082800:USTM:6000-0 m above ground:anl:),HIGH,Estimated Bunkers storm motion u-component
gfs,pgrb2.0p25,VSTM,V-Component Storm Motion,storm_motion_v_6000_0_m_above_ground,Kinematic / Convective,heightAboveGround,6000-0 m above ground,m/s,instant,instant,N/A,N/A,0,240,3h,True,81/81 leads (100% on 3h grid),deterministic (single run),complete (deterministic),True,True,False,None,None,False,None,Low,Tier D (Low Value / Specialized),OBSERVED_EXHAUSTIVE,AWS S3 gfs.20260828/00/atmos/gfs.t00z.pgrb2.0p25.fXXX.idx (615:444091689:d=2026082800:VSTM:6000-0 m above ground:anl:),HIGH,Estimated Bunkers storm motion v-component
gfs,pgrb2.0p25,VWSH,Vertical Wind Shear,vertical_wind_shear_pv__2e_06_km^2_kg_s_surface,Kinematic / Convective,surface,PV=-2e-06 (Km^2/kg/s) surface,s^-1,instant,instant,N/A,N/A,0,240,3h,True,81/81 leads (100% on 3h grid),deterministic (single run),complete (deterministic),True,True,False,None,None,False,None,Low,Tier D (Low Value / Specialized),OBSERVED_EXHAUSTIVE,AWS S3 gfs.20260828/00/atmos/gfs.t00z.pgrb2.0p25.fXXX.idx (696:515562296:d=2026082800:VWSH:PV=-2e-06 (Km^2/kg/s) surface:anl:),HIGH,Magnitude of vertical wind shear across layer
gfs,pgrb2.0p25,VWSH,Vertical Wind Shear,vertical_wind_shear_pv_2e_06_km^2_kg_s_surface,Kinematic / Convective,surface,PV=2e-06 (Km^2/kg/s) surface,s^-1,instant,instant,N/A,N/A,0,240,3h,True,81/81 leads (100% on 3h grid),deterministic (single run),complete (deterministic),True,True,False,None,None,False,None,Low,Tier D (Low Value / Specialized),OBSERVED_EXHAUSTIVE,AWS S3 gfs.20260828/00/atmos/gfs.t00z.pgrb2.0p25.fXXX.idx (690:510810910:d=2026082800:VWSH:PV=2e-06 (Km^2/kg/s) surface:anl:),HIGH,Magnitude of vertical wind shear across layer
gfs,pgrb2.0p25,VWSH,Vertical Wind Shear,vertical_wind_shear_tropopause,Kinematic / Convective,tropopause,tropopause,s^-1,instant,instant,N/A,N/A,0,240,3h,True,81/81 leads (100% on 3h grid),deterministic (single run),complete (deterministic),True,True,False,None,None,False,None,Low,Tier D (Low Value / Specialized),OBSERVED_EXHAUSTIVE,AWS S3 gfs.20260828/00/atmos/gfs.t00z.pgrb2.0p25.fXXX.idx (622:451562238:d=2026082800:VWSH:tropopause:anl:),HIGH,Magnitude of vertical wind shear across layer
gfs,pgrb2.0p25,GUST,Wind Speed (Gust),wind_gust,Kinematic / Wind,surface,surface,m/s,instant,instant,N/A,N/A,0,240,3h,True,81/81 leads (100% on 3h grid),deterministic (single run),complete (deterministic),True,True,False,None,None,False,None,High,Tier A (Strong Raw Candidate),OBSERVED_EXHAUSTIVE,AWS S3 gfs.20260828/00/atmos/gfs.t00z.pgrb2.0p25.fXXX.idx (14:6579076:d=2026082800:GUST:surface:anl:),HIGH,Peak instantaneous surface wind gust speed
gfs,pgrb2.0p25,UGRD,U-Component of Wind (Zonal),wind_u_0_995_sigma_level,Kinematic / Wind,sigma,0.995 sigma level,m/s,instant,instant,N/A,N/A,0,240,3h,True,81/81 leads (100% on 3h grid),deterministic (single run),complete (deterministic),True,True,False,None,None,False,None,Low,Tier D (Low Value / Specialized),OBSERVED_EXHAUSTIVE,AWS S3 gfs.20260828/00/atmos/gfs.t00z.pgrb2.0p25.fXXX.idx (674:500674997:d=2026082800:UGRD:0.995 sigma level:anl:),HIGH,Zonal (west-east) wind component (positive eastward)
gfs,pgrb2.0p25,UGRD,U-Component of Wind (Zonal),wind_u_10m,Kinematic / Wind,heightAboveGround,10 m above ground,m/s,instant,instant,N/A,N/A,0,240,3h,True,81/81 leads (100% on 3h grid),deterministic (single run),complete (deterministic),True,True,False,None,None,False,None,High,Tier A (Raw Vector) / Tier B (Speed/Dir),OBSERVED_EXHAUSTIVE,AWS S3 gfs.20260828/00/atmos/gfs.t00z.pgrb2.0p25.fXXX.idx (585:427287766:d=2026082800:UGRD:10 m above ground:anl:),HIGH,Zonal (west-east) wind component (positive eastward)
gfs,pgrb2.0p25,UGRD,U-Component of Wind (Zonal),wind_u_100_m_above_ground,Kinematic / Wind,heightAboveGround,100 m above ground,m/s,instant,instant,N/A,N/A,0,240,3h,True,81/81 leads (100% on 3h grid),deterministic (single run),complete (deterministic),True,True,False,None,None,False,None,Low,Tier D (Low Value / Specialized),OBSERVED_EXHAUSTIVE,AWS S3 gfs.20260828/00/atmos/gfs.t00z.pgrb2.0p25.fXXX.idx (643:473367138:d=2026082800:UGRD:100 m above ground:anl:),HIGH,Zonal (west-east) wind component (positive eastward)
gfs,pgrb2.0p25,UGRD,U-Component of Wind (Zonal),wind_u_1829_m_above_mean_sea_level,Kinematic / Wind,meanSeaLevel,1829 m above mean sea level,m/s,instant,instant,N/A,N/A,0,240,3h,True,81/81 leads (100% on 3h grid),deterministic (single run),complete (deterministic),True,True,False,None,None,False,None,Low,Tier D (Low Value / Specialized),OBSERVED_EXHAUSTIVE,AWS S3 gfs.20260828/00/atmos/gfs.t00z.pgrb2.0p25.fXXX.idx (646:476255301:d=2026082800:UGRD:1829 m above mean sea level:anl:),HIGH,Zonal (west-east) wind component (positive eastward)
gfs,pgrb2.0p25,UGRD,U-Component of Wind (Zonal),wind_u_20_m_above_ground,Kinematic / Wind,heightAboveGround,20 m above ground,m/s,instant,instant,N/A,N/A,0,240,3h,True,81/81 leads (100% on 3h grid),deterministic (single run),complete (deterministic),True,True,False,None,None,False,None,Low,Tier D (Low Value / Specialized),OBSERVED_EXHAUSTIVE,AWS S3 gfs.20260828/00/atmos/gfs.t00z.pgrb2.0p25.fXXX.idx (629:459763466:d=2026082800:UGRD:20 m above ground:anl:),HIGH,Zonal (west-east) wind component (positive eastward)
gfs,pgrb2.0p25,UGRD,U-Component of Wind (Zonal),wind_u_2743_m_above_mean_sea_level,Kinematic / Wind,meanSeaLevel,2743 m above mean sea level,m/s,instant,instant,N/A,N/A,0,240,3h,True,81/81 leads (100% on 3h grid),deterministic (single run),complete (deterministic),True,True,False,None,None,False,None,Low,Tier D (Low Value / Specialized),OBSERVED_EXHAUSTIVE,AWS S3 gfs.20260828/00/atmos/gfs.t00z.pgrb2.0p25.fXXX.idx (649:479212086:d=2026082800:UGRD:2743 m above mean sea level:anl:),HIGH,Zonal (west-east) wind component (positive eastward)
gfs,pgrb2.0p25,UGRD,U-Component of Wind (Zonal),wind_u_30_m_above_ground,Kinematic / Wind,heightAboveGround,30 m above ground,m/s,instant,instant,N/A,N/A,0,240,3h,True,81/81 leads (100% on 3h grid),deterministic (single run),complete (deterministic),True,True,False,None,None,False,None,Low,Tier D (Low Value / Specialized),OBSERVED_EXHAUSTIVE,AWS S3 gfs.20260828/00/atmos/gfs.t00z.pgrb2.0p25.fXXX.idx (631:461708467:d=2026082800:UGRD:30 m above ground:anl:),HIGH,Zonal (west-east) wind component (positive eastward)
gfs,pgrb2.0p25,UGRD,U-Component of Wind (Zonal),wind_u_30_0_mb_above_ground,Kinematic / Wind,heightAboveGround,30-0 mb above ground,m/s,instant,instant,N/A,N/A,0,240,3h,True,81/81 leads (100% on 3h grid),deterministic (single run),complete (deterministic),True,True,False,None,None,False,None,Low,Tier D (Low Value / Specialized),OBSERVED_EXHAUSTIVE,AWS S3 gfs.20260828/00/atmos/gfs.t00z.pgrb2.0p25.fXXX.idx (661:490922234:d=2026082800:UGRD:30-0 mb above ground:anl:),HIGH,Zonal (west-east) wind component (positive eastward)
gfs,pgrb2.0p25,UGRD,U-Component of Wind (Zonal),wind_u_3658_m_above_mean_sea_level,Kinematic / Wind,meanSeaLevel,3658 m above mean sea level,m/s,instant,instant,N/A,N/A,0,240,3h,True,81/81 leads (100% on 3h grid),deterministic (single run),complete (deterministic),True,True,False,None,None,False,None,Low,Tier D (Low Value / Specialized),OBSERVED_EXHAUSTIVE,AWS S3 gfs.20260828/00/atmos/gfs.t00z.pgrb2.0p25.fXXX.idx (652:482168944:d=2026082800:UGRD:3658 m above mean sea level:anl:),HIGH,Zonal (west-east) wind component (positive eastward)
gfs,pgrb2.0p25,UGRD,U-Component of Wind (Zonal),wind_u_40_m_above_ground,Kinematic / Wind,heightAboveGround,40 m above ground,m/s,instant,instant,N/A,N/A,0,240,3h,True,81/81 leads (100% on 3h grid),deterministic (single run),complete (deterministic),True,True,False,None,None,False,None,Low,Tier D (Low Value / Specialized),OBSERVED_EXHAUSTIVE,AWS S3 gfs.20260828/00/atmos/gfs.t00z.pgrb2.0p25.fXXX.idx (633:463670440:d=2026082800:UGRD:40 m above ground:anl:),HIGH,Zonal (west-east) wind component (positive eastward)
gfs,pgrb2.0p25,UGRD,U-Component of Wind (Zonal),wind_u_50_m_above_ground,Kinematic / Wind,heightAboveGround,50 m above ground,m/s,instant,instant,N/A,N/A,0,240,3h,True,81/81 leads (100% on 3h grid),deterministic (single run),complete (deterministic),True,True,False,None,None,False,None,Low,Tier D (Low Value / Specialized),OBSERVED_EXHAUSTIVE,AWS S3 gfs.20260828/00/atmos/gfs.t00z.pgrb2.0p25.fXXX.idx (635:465639853:d=2026082800:UGRD:50 m above ground:anl:),HIGH,Zonal (west-east) wind component (positive eastward)
gfs,pgrb2.0p25,UGRD,U-Component of Wind (Zonal),wind_u_80_m_above_ground,Kinematic / Wind,heightAboveGround,80 m above ground,m/s,instant,instant,N/A,N/A,0,240,3h,True,81/81 leads (100% on 3h grid),deterministic (single run),complete (deterministic),True,True,False,None,None,False,None,Low,Tier D (Low Value / Specialized),OBSERVED_EXHAUSTIVE,AWS S3 gfs.20260828/00/atmos/gfs.t00z.pgrb2.0p25.fXXX.idx (640:470524884:d=2026082800:UGRD:80 m above ground:anl:),HIGH,Zonal (west-east) wind component (positive eastward)
gfs,pgrb2.0p25,UGRD,U-Component of Wind (Zonal),wind_u_pv__2e_06_km^2_kg_s_surface,Kinematic / Wind,surface,PV=-2e-06 (Km^2/kg/s) surface,m/s,instant,instant,N/A,N/A,0,240,3h,True,81/81 leads (100% on 3h grid),deterministic (single run),complete (deterministic),True,True,False,None,None,False,None,Low,Tier D (Low Value / Specialized),OBSERVED_EXHAUSTIVE,AWS S3 gfs.20260828/00/atmos/gfs.t00z.pgrb2.0p25.fXXX.idx (691:511300882:d=2026082800:UGRD:PV=-2e-06 (Km^2/kg/s) surface:anl:),HIGH,Zonal (west-east) wind component (positive eastward)
gfs,pgrb2.0p25,UGRD,U-Component of Wind (Zonal),wind_u_pv_2e_06_km^2_kg_s_surface,Kinematic / Wind,surface,PV=2e-06 (Km^2/kg/s) surface,m/s,instant,instant,N/A,N/A,0,240,3h,True,81/81 leads (100% on 3h grid),deterministic (single run),complete (deterministic),True,True,False,None,None,False,None,Low,Tier D (Low Value / Specialized),OBSERVED_EXHAUSTIVE,AWS S3 gfs.20260828/00/atmos/gfs.t00z.pgrb2.0p25.fXXX.idx (685:506652236:d=2026082800:UGRD:PV=2e-06 (Km^2/kg/s) surface:anl:),HIGH,Zonal (west-east) wind component (positive eastward)
gfs,pgrb2.0p25,UGRD,U-Component of Wind (Zonal),wind_u_max_wind,Kinematic / Wind,maxWind,max wind,m/s,instant,instant,N/A,N/A,0,240,3h,True,81/81 leads (100% on 3h grid),deterministic (single run),complete (deterministic),True,True,False,None,None,False,None,Low,Tier D (Low Value / Specialized),OBSERVED_EXHAUSTIVE,AWS S3 gfs.20260828/00/atmos/gfs.t00z.pgrb2.0p25.fXXX.idx (626:457007361:d=2026082800:UGRD:max wind:anl:),HIGH,Zonal (west-east) wind component (positive eastward)
gfs,pgrb2.0p25,UGRD,U-Component of Wind (Zonal),wind_u_planetary_boundary_layer,Kinematic / Wind,nominal,planetary boundary layer,m/s,instant,instant,N/A,N/A,0,240,3h,True,81/81 leads (100% on 3h grid),deterministic (single run),complete (deterministic),True,True,False,None,None,False,None,Low,Tier D (Low Value / Specialized),OBSERVED_EXHAUSTIVE,AWS S3 gfs.20260828/00/atmos/gfs.t00z.pgrb2.0p25.fXXX.idx (11:5030291:d=2026082800:UGRD:planetary boundary layer:anl:),HIGH,Zonal (west-east) wind component (positive eastward)
gfs,pgrb2.0p25,UGRD,U-Component of Wind (Zonal),wind_u_tropopause,Kinematic / Wind,tropopause,tropopause,m/s,instant,instant,N/A,N/A,0,240,3h,True,81/81 leads (100% on 3h grid),deterministic (single run),complete (deterministic),True,True,False,None,None,False,None,Low,Tier D (Low Value / Specialized),OBSERVED_EXHAUSTIVE,AWS S3 gfs.20260828/00/atmos/gfs.t00z.pgrb2.0p25.fXXX.idx (620:450143321:d=2026082800:UGRD:tropopause:anl:),HIGH,Zonal (west-east) wind component (positive eastward)
gfs,pgrb2.0p25,VGRD,V-Component of Wind (Meridional),wind_v_0_995_sigma_level,Kinematic / Wind,sigma,0.995 sigma level,m/s,instant,instant,N/A,N/A,0,240,3h,True,81/81 leads (100% on 3h grid),deterministic (single run),complete (deterministic),True,True,False,None,None,False,None,Low,Tier D (Low Value / Specialized),OBSERVED_EXHAUSTIVE,AWS S3 gfs.20260828/00/atmos/gfs.t00z.pgrb2.0p25.fXXX.idx (675:501681875:d=2026082800:VGRD:0.995 sigma level:anl:),HIGH,Meridional (south-north) wind component (positive northward)
gfs,pgrb2.0p25,VGRD,V-Component of Wind (Meridional),wind_v_10m,Kinematic / Wind,heightAboveGround,10 m above ground,m/s,instant,instant,N/A,N/A,0,240,3h,True,81/81 leads (100% on 3h grid),deterministic (single run),complete (deterministic),True,True,False,None,None,False,None,High,Tier A (Raw Vector) / Tier B (Speed/Dir),OBSERVED_EXHAUSTIVE,AWS S3 gfs.20260828/00/atmos/gfs.t00z.pgrb2.0p25.fXXX.idx (586:428272548:d=2026082800:VGRD:10 m above ground:anl:),HIGH,Meridional (south-north) wind component (positive northward)
gfs,pgrb2.0p25,VGRD,V-Component of Wind (Meridional),wind_v_100_m_above_ground,Kinematic / Wind,heightAboveGround,100 m above ground,m/s,instant,instant,N/A,N/A,0,240,3h,True,81/81 leads (100% on 3h grid),deterministic (single run),complete (deterministic),True,True,False,None,None,False,None,Low,Tier D (Low Value / Specialized),OBSERVED_EXHAUSTIVE,AWS S3 gfs.20260828/00/atmos/gfs.t00z.pgrb2.0p25.fXXX.idx (644:474364536:d=2026082800:VGRD:100 m above ground:anl:),HIGH,Meridional (south-north) wind component (positive northward)
gfs,pgrb2.0p25,VGRD,V-Component of Wind (Meridional),wind_v_1829_m_above_mean_sea_level,Kinematic / Wind,meanSeaLevel,1829 m above mean sea level,m/s,instant,instant,N/A,N/A,0,240,3h,True,81/81 leads (100% on 3h grid),deterministic (single run),complete (deterministic),True,True,False,None,None,False,None,Low,Tier D (Low Value / Specialized),OBSERVED_EXHAUSTIVE,AWS S3 gfs.20260828/00/atmos/gfs.t00z.pgrb2.0p25.fXXX.idx (647:477286081:d=2026082800:VGRD:1829 m above mean sea level:anl:),HIGH,Meridional (south-north) wind component (positive northward)
gfs,pgrb2.0p25,VGRD,V-Component of Wind (Meridional),wind_v_20_m_above_ground,Kinematic / Wind,heightAboveGround,20 m above ground,m/s,instant,instant,N/A,N/A,0,240,3h,True,81/81 leads (100% on 3h grid),deterministic (single run),complete (deterministic),True,True,False,None,None,False,None,Low,Tier D (Low Value / Specialized),OBSERVED_EXHAUSTIVE,AWS S3 gfs.20260828/00/atmos/gfs.t00z.pgrb2.0p25.fXXX.idx (630:460744115:d=2026082800:VGRD:20 m above ground:anl:),HIGH,Meridional (south-north) wind component (positive northward)
gfs,pgrb2.0p25,VGRD,V-Component of Wind (Meridional),wind_v_2743_m_above_mean_sea_level,Kinematic / Wind,meanSeaLevel,2743 m above mean sea level,m/s,instant,instant,N/A,N/A,0,240,3h,True,81/81 leads (100% on 3h grid),deterministic (single run),complete (deterministic),True,True,False,None,None,False,None,Low,Tier D (Low Value / Specialized),OBSERVED_EXHAUSTIVE,AWS S3 gfs.20260828/00/atmos/gfs.t00z.pgrb2.0p25.fXXX.idx (650:480251968:d=2026082800:VGRD:2743 m above mean sea level:anl:),HIGH,Meridional (south-north) wind component (positive northward)
gfs,pgrb2.0p25,VGRD,V-Component of Wind (Meridional),wind_v_30_m_above_ground,Kinematic / Wind,heightAboveGround,30 m above ground,m/s,instant,instant,N/A,N/A,0,240,3h,True,81/81 leads (100% on 3h grid),deterministic (single run),complete (deterministic),True,True,False,None,None,False,None,Low,Tier D (Low Value / Specialized),OBSERVED_EXHAUSTIVE,AWS S3 gfs.20260828/00/atmos/gfs.t00z.pgrb2.0p25.fXXX.idx (632:462697893:d=2026082800:VGRD:30 m above ground:anl:),HIGH,Meridional (south-north) wind component (positive northward)
gfs,pgrb2.0p25,VGRD,V-Component of Wind (Meridional),wind_v_30_0_mb_above_ground,Kinematic / Wind,heightAboveGround,30-0 mb above ground,m/s,instant,instant,N/A,N/A,0,240,3h,True,81/81 leads (100% on 3h grid),deterministic (single run),complete (deterministic),True,True,False,None,None,False,None,Low,Tier D (Low Value / Specialized),OBSERVED_EXHAUSTIVE,AWS S3 gfs.20260828/00/atmos/gfs.t00z.pgrb2.0p25.fXXX.idx (662:491908653:d=2026082800:VGRD:30-0 mb above ground:anl:),HIGH,Meridional (south-north) wind component (positive northward)
gfs,pgrb2.0p25,VGRD,V-Component of Wind (Meridional),wind_v_3658_m_above_mean_sea_level,Kinematic / Wind,meanSeaLevel,3658 m above mean sea level,m/s,instant,instant,N/A,N/A,0,240,3h,True,81/81 leads (100% on 3h grid),deterministic (single run),complete (deterministic),True,True,False,None,None,False,None,Low,Tier D (Low Value / Specialized),OBSERVED_EXHAUSTIVE,AWS S3 gfs.20260828/00/atmos/gfs.t00z.pgrb2.0p25.fXXX.idx (653:483218132:d=2026082800:VGRD:3658 m above mean sea level:anl:),HIGH,Meridional (south-north) wind component (positive northward)
gfs,pgrb2.0p25,VGRD,V-Component of Wind (Meridional),wind_v_40_m_above_ground,Kinematic / Wind,heightAboveGround,40 m above ground,m/s,instant,instant,N/A,N/A,0,240,3h,True,81/81 leads (100% on 3h grid),deterministic (single run),complete (deterministic),True,True,False,None,None,False,None,Low,Tier D (Low Value / Specialized),OBSERVED_EXHAUSTIVE,AWS S3 gfs.20260828/00/atmos/gfs.t00z.pgrb2.0p25.fXXX.idx (634:464665142:d=2026082800:VGRD:40 m above ground:anl:),HIGH,Meridional (south-north) wind component (positive northward)
gfs,pgrb2.0p25,VGRD,V-Component of Wind (Meridional),wind_v_50_m_above_ground,Kinematic / Wind,heightAboveGround,50 m above ground,m/s,instant,instant,N/A,N/A,0,240,3h,True,81/81 leads (100% on 3h grid),deterministic (single run),complete (deterministic),True,True,False,None,None,False,None,Low,Tier D (Low Value / Specialized),OBSERVED_EXHAUSTIVE,AWS S3 gfs.20260828/00/atmos/gfs.t00z.pgrb2.0p25.fXXX.idx (636:466636256:d=2026082800:VGRD:50 m above ground:anl:),HIGH,Meridional (south-north) wind component (positive northward)
gfs,pgrb2.0p25,VGRD,V-Component of Wind (Meridional),wind_v_80_m_above_ground,Kinematic / Wind,heightAboveGround,80 m above ground,m/s,instant,instant,N/A,N/A,0,240,3h,True,81/81 leads (100% on 3h grid),deterministic (single run),complete (deterministic),True,True,False,None,None,False,None,Low,Tier D (Low Value / Specialized),OBSERVED_EXHAUSTIVE,AWS S3 gfs.20260828/00/atmos/gfs.t00z.pgrb2.0p25.fXXX.idx (641:471522374:d=2026082800:VGRD:80 m above ground:anl:),HIGH,Meridional (south-north) wind component (positive northward)
gfs,pgrb2.0p25,VGRD,V-Component of Wind (Meridional),wind_v_pv__2e_06_km^2_kg_s_surface,Kinematic / Wind,surface,PV=-2e-06 (Km^2/kg/s) surface,m/s,instant,instant,N/A,N/A,0,240,3h,True,81/81 leads (100% on 3h grid),deterministic (single run),complete (deterministic),True,True,False,None,None,False,None,Low,Tier D (Low Value / Specialized),OBSERVED_EXHAUSTIVE,AWS S3 gfs.20260828/00/atmos/gfs.t00z.pgrb2.0p25.fXXX.idx (692:511963834:d=2026082800:VGRD:PV=-2e-06 (Km^2/kg/s) surface:anl:),HIGH,Meridional (south-north) wind component (positive northward)
gfs,pgrb2.0p25,VGRD,V-Component of Wind (Meridional),wind_v_pv_2e_06_km^2_kg_s_surface,Kinematic / Wind,surface,PV=2e-06 (Km^2/kg/s) surface,m/s,instant,instant,N/A,N/A,0,240,3h,True,81/81 leads (100% on 3h grid),deterministic (single run),complete (deterministic),True,True,False,None,None,False,None,Low,Tier D (Low Value / Specialized),OBSERVED_EXHAUSTIVE,AWS S3 gfs.20260828/00/atmos/gfs.t00z.pgrb2.0p25.fXXX.idx (686:507298647:d=2026082800:VGRD:PV=2e-06 (Km^2/kg/s) surface:anl:),HIGH,Meridional (south-north) wind component (positive northward)
gfs,pgrb2.0p25,VGRD,V-Component of Wind (Meridional),wind_v_max_wind,Kinematic / Wind,maxWind,max wind,m/s,instant,instant,N/A,N/A,0,240,3h,True,81/81 leads (100% on 3h grid),deterministic (single run),complete (deterministic),True,True,False,None,None,False,None,Low,Tier D (Low Value / Specialized),OBSERVED_EXHAUSTIVE,AWS S3 gfs.20260828/00/atmos/gfs.t00z.pgrb2.0p25.fXXX.idx (627:457734891:d=2026082800:VGRD:max wind:anl:),HIGH,Meridional (south-north) wind component (positive northward)
gfs,pgrb2.0p25,VGRD,V-Component of Wind (Meridional),wind_v_planetary_boundary_layer,Kinematic / Wind,nominal,planetary boundary layer,m/s,instant,instant,N/A,N/A,0,240,3h,True,81/81 leads (100% on 3h grid),deterministic (single run),complete (deterministic),True,True,False,None,None,False,None,Low,Tier D (Low Value / Specialized),OBSERVED_EXHAUSTIVE,AWS S3 gfs.20260828/00/atmos/gfs.t00z.pgrb2.0p25.fXXX.idx (12:5644083:d=2026082800:VGRD:planetary boundary layer:anl:),HIGH,Meridional (south-north) wind component (positive northward)
gfs,pgrb2.0p25,VGRD,V-Component of Wind (Meridional),wind_v_tropopause,Kinematic / Wind,tropopause,tropopause,m/s,instant,instant,N/A,N/A,0,240,3h,True,81/81 leads (100% on 3h grid),deterministic (single run),complete (deterministic),True,True,False,None,None,False,None,Low,Tier D (Low Value / Specialized),OBSERVED_EXHAUSTIVE,AWS S3 gfs.20260828/00/atmos/gfs.t00z.pgrb2.0p25.fXXX.idx (621:450862934:d=2026082800:VGRD:tropopause:anl:),HIGH,Meridional (south-north) wind component (positive northward)
gfs,pgrb2.0p25,GFLUX,Ground Heat Flux,ground_heat_flux,Land Surface Fluxes,surface,surface,W/m^2,average,average,0-6h resetting (GFS) / 3h-6h alternating (GEFS),6h / 3h-6h,0,240,3h,False,"80/81 leads (100% post-analysis, absent at f000 by design)",deterministic (single run),complete (deterministic),True,False,False,None,Requires temporal interval handling or de-accumulation,False,None,Low,Tier D (Low Value / Specialized),OBSERVED_EXHAUSTIVE,AWS S3 gfs.20260828/00/atmos/gfs.t00z.pgrb2.0p25.fXXX.idx (611:439784514:d=2026082800:GFLUX:surface:0-3 hour ave fcst:),HIGH,Thermal energy conducted downward into soil
gfs,pgrb2.0p25,LHTFL,Latent Heat Net Flux,latent_heat_flux,Land Surface Fluxes,surface,surface,W/m^2,average,average,0-6h resetting (GFS) / 3h-6h alternating (GEFS),6h / 3h-6h,0,240,3h,False,"80/81 leads (100% post-analysis, absent at f000 by design)",deterministic (single run),complete (deterministic),True,False,False,None,Requires temporal interval handling or de-accumulation,False,None,Low,Tier D (Low Value / Specialized),OBSERVED_EXHAUSTIVE,AWS S3 gfs.20260828/00/atmos/gfs.t00z.pgrb2.0p25.fXXX.idx (609:437946368:d=2026082800:LHTFL:surface:0-3 hour ave fcst:),HIGH,Turbulent flux of latent heat from evaporation/transpiration
gfs,pgrb2.0p25,SHTFL,Sensible Heat Net Flux,sensible_heat_flux,Land Surface Fluxes,surface,surface,W/m^2,average,average,0-6h resetting (GFS) / 3h-6h alternating (GEFS),6h / 3h-6h,0,240,3h,False,"80/81 leads (100% post-analysis, absent at f000 by design)",deterministic (single run),complete (deterministic),True,False,False,None,Requires temporal interval handling or de-accumulation,False,None,Low,Tier D (Low Value / Specialized),OBSERVED_EXHAUSTIVE,AWS S3 gfs.20260828/00/atmos/gfs.t00z.pgrb2.0p25.fXXX.idx (610:438899563:d=2026082800:SHTFL:surface:0-3 hour ave fcst:),HIGH,Turbulent conductive/convective heat exchange with boundary layer
gfs,pgrb2.0p25,SFCR,Surface Roughness,surface_roughness,Land Surface State,surface,surface,m,instant,instant,N/A,N/A,0,240,3h,True,81/81 leads (100% on 3h grid),deterministic (single run),complete (deterministic),True,True,False,None,None,False,None,Low,Tier D (Low Value / Specialized),OBSERVED_EXHAUSTIVE,AWS S3 gfs.20260828/00/atmos/gfs.t00z.pgrb2.0p25.fXXX.idx (594:430663559:d=2026082800:SFCR:surface:anl:),HIGH,Aerodynamic surface roughness length (z0)
gfs,pgrb2.0p25,VEG,Vegetation Cover,vegetation_cover,Land Surface State,surface,surface,%,instant,instant,N/A,N/A,0,240,3h,True,81/81 leads (100% on 3h grid),deterministic (single run),complete (deterministic),True,True,False,None,None,False,None,Low,Tier D (Low Value / Specialized),OBSERVED_EXHAUSTIVE,AWS S3 gfs.20260828/00/atmos/gfs.t00z.pgrb2.0p25.fXXX.idx (596:432120548:d=2026082800:VEG:surface:anl:),HIGH,Fraction of ground area covered by green vegetation
gfs,pgrb2.0p25,HGT,Geopotential Height,height_0c_isotherm,Mass / Height,nominal,0C isotherm,gpm,instant,instant,N/A,N/A,0,240,3h,True,81/81 leads (100% on 3h grid),deterministic (single run),complete (deterministic),True,True,False,None,None,False,None,Low,Tier D (Low Value / Specialized),OBSERVED_EXHAUSTIVE,AWS S3 gfs.20260828/00/atmos/gfs.t00z.pgrb2.0p25.fXXX.idx (654:484270134:d=2026082800:HGT:0C isotherm:anl:),HIGH,Geopotential height at specified non-pressure surface
gfs,pgrb2.0p25,HGT,Geopotential Height,height_pv__2e_06_km^2_kg_s_surface,Mass / Height,surface,PV=-2e-06 (Km^2/kg/s) surface,gpm,instant,instant,N/A,N/A,0,240,3h,True,81/81 leads (100% on 3h grid),deterministic (single run),complete (deterministic),True,True,False,None,None,False,None,Low,Tier D (Low Value / Specialized),OBSERVED_EXHAUSTIVE,AWS S3 gfs.20260828/00/atmos/gfs.t00z.pgrb2.0p25.fXXX.idx (694:513267043:d=2026082800:HGT:PV=-2e-06 (Km^2/kg/s) surface:anl:),HIGH,Geopotential height at specified non-pressure surface
gfs,pgrb2.0p25,HGT,Geopotential Height,height_pv_2e_06_km^2_kg_s_surface,Mass / Height,surface,PV=2e-06 (Km^2/kg/s) surface,gpm,instant,instant,N/A,N/A,0,240,3h,True,81/81 leads (100% on 3h grid),deterministic (single run),complete (deterministic),True,True,False,None,None,False,None,Low,Tier D (Low Value / Specialized),OBSERVED_EXHAUSTIVE,AWS S3 gfs.20260828/00/atmos/gfs.t00z.pgrb2.0p25.fXXX.idx (688:508573910:d=2026082800:HGT:PV=2e-06 (Km^2/kg/s) surface:anl:),HIGH,Geopotential height at specified non-pressure surface
gfs,pgrb2.0p25,HGT,Geopotential Height,height_cloud_ceiling,Mass / Height,cloudLayer,cloud ceiling,gpm,instant,instant,N/A,N/A,0,240,3h,True,81/81 leads (100% on 3h grid),deterministic (single run),complete (deterministic),True,True,False,None,None,False,None,Low,Tier D (Low Value / Specialized),OBSERVED_EXHAUSTIVE,AWS S3 gfs.20260828/00/atmos/gfs.t00z.pgrb2.0p25.fXXX.idx (612:441153650:d=2026082800:HGT:cloud ceiling:anl:),HIGH,Geopotential height at specified non-pressure surface
gfs,pgrb2.0p25,HGT,Geopotential Height,height_highest_tropospheric_freezing_level,Mass / Height,nominal,highest tropospheric freezing level,gpm,instant,instant,N/A,N/A,0,240,3h,True,81/81 leads (100% on 3h grid),deterministic (single run),complete (deterministic),True,True,False,None,None,False,None,Low,Tier D (Low Value / Specialized),OBSERVED_EXHAUSTIVE,AWS S3 gfs.20260828/00/atmos/gfs.t00z.pgrb2.0p25.fXXX.idx (656:486164506:d=2026082800:HGT:highest tropospheric freezing level:anl:),HIGH,Geopotential height at specified non-pressure surface
gfs,pgrb2.0p25,HGT,Geopotential Height,height_max_wind,Mass / Height,maxWind,max wind,gpm,instant,instant,N/A,N/A,0,240,3h,True,81/81 leads (100% on 3h grid),deterministic (single run),complete (deterministic),True,True,False,None,None,False,None,Low,Tier D (Low Value / Specialized),OBSERVED_EXHAUSTIVE,AWS S3 gfs.20260828/00/atmos/gfs.t00z.pgrb2.0p25.fXXX.idx (625:455358683:d=2026082800:HGT:max wind:anl:),HIGH,Geopotential height at specified non-pressure surface
gfs,pgrb2.0p25,HGT,Geopotential Height,height,Mass / Height,surface,surface,gpm,instant,instant,N/A,N/A,0,240,3h,True,81/81 leads (100% on 3h grid),deterministic (single run),complete (deterministic),True,True,False,None,None,False,None,Low,Tier D (Low Value / Specialized),OBSERVED_EXHAUSTIVE,AWS S3 gfs.20260828/00/atmos/gfs.t00z.pgrb2.0p25.fXXX.idx (562:416627623:d=2026082800:HGT:surface:anl:),HIGH,Geopotential height at specified non-pressure surface
gfs,pgrb2.0p25,HGT,Geopotential Height,height_tropopause,Mass / Height,tropopause,tropopause,gpm,instant,instant,N/A,N/A,0,240,3h,True,81/81 leads (100% on 3h grid),deterministic (single run),complete (deterministic),True,True,False,None,None,False,None,Low,Tier D (Low Value / Specialized),OBSERVED_EXHAUSTIVE,AWS S3 gfs.20260828/00/atmos/gfs.t00z.pgrb2.0p25.fXXX.idx (618:447818940:d=2026082800:HGT:tropopause:anl:),HIGH,Geopotential height at specified non-pressure surface
gfs,pgrb2.0p25,MSLET,MSLP (Eta Model Reduction),mslp_eta_mean_sea_level,Mass / Pressure,meanSeaLevel,mean sea level,Pa,instant,instant,N/A,N/A,0,240,3h,True,81/81 leads (100% on 3h grid),deterministic (single run),complete (deterministic),True,True,False,None,None,False,None,Low,Tier D (Low Value / Specialized),OBSERVED_EXHAUSTIVE,AWS S3 gfs.20260828/00/atmos/gfs.t00z.pgrb2.0p25.fXXX.idx (557:412699767:d=2026082800:MSLET:mean sea level:anl:),HIGH,Mean sea level pressure reduced via Eta model formulation
gfs,pgrb2.0p25,PRES,Pressure,pressure_80_m_above_ground,Mass / Pressure,heightAboveGround,80 m above ground,Pa,instant,instant,N/A,N/A,0,240,3h,True,81/81 leads (100% on 3h grid),deterministic (single run),complete (deterministic),True,True,False,None,None,False,None,Low,Tier D (Low Value / Specialized),OBSERVED_EXHAUSTIVE,AWS S3 gfs.20260828/00/atmos/gfs.t00z.pgrb2.0p25.fXXX.idx (639:469694118:d=2026082800:PRES:80 m above ground:anl:),HIGH,Atmospheric pressure at specified level
gfs,pgrb2.0p25,PRES,Pressure,surface_pressure,Mass / Pressure,surface,PV=-2e-06 (Km^2/kg/s) surface,Pa,instant,instant,N/A,N/A,0,240,3h,True,81/81 leads (100% on 3h grid),deterministic (single run),complete (deterministic),True,True,False,None,None,False,None,High,Tier A (Strong Raw Candidate),OBSERVED_EXHAUSTIVE,AWS S3 gfs.20260828/00/atmos/gfs.t00z.pgrb2.0p25.fXXX.idx (695:514433524:d=2026082800:PRES:PV=-2e-06 (Km^2/kg/s) surface:anl:),HIGH,Atmospheric pressure at specified level
gfs,pgrb2.0p25,PRES,Pressure,surface_pressure,Mass / Pressure,surface,PV=2e-06 (Km^2/kg/s) surface,Pa,instant,instant,N/A,N/A,0,240,3h,True,81/81 leads (100% on 3h grid),deterministic (single run),complete (deterministic),True,True,False,None,None,False,None,High,Tier A (Strong Raw Candidate),OBSERVED_EXHAUSTIVE,AWS S3 gfs.20260828/00/atmos/gfs.t00z.pgrb2.0p25.fXXX.idx (689:509715622:d=2026082800:PRES:PV=2e-06 (Km^2/kg/s) surface:anl:),HIGH,Atmospheric pressure at specified level
gfs,pgrb2.0p25,PRES,Pressure,pressure_convective_cloud_bottom_level,Mass / Pressure,cloudLayer,convective cloud bottom level,Pa,instant,instant,N/A,N/A,0,240,3h,True,81/81 leads (100% on 3h grid),deterministic (single run),complete (deterministic),True,True,False,None,None,False,None,Low,Tier D (Low Value / Specialized),OBSERVED_EXHAUSTIVE,AWS S3 gfs.20260828/00/atmos/gfs.t00z.pgrb2.0p25.fXXX.idx (639:457511037:d=2026082800:PRES:convective cloud bottom level:3 hour fcst:),HIGH,Atmospheric pressure at specified level
gfs,pgrb2.0p25,PRES,Pressure,pressure_convective_cloud_top_level,Mass / Pressure,cloudLayer,convective cloud top level,Pa,instant,instant,N/A,N/A,0,240,3h,True,81/81 leads (100% on 3h grid),deterministic (single run),complete (deterministic),True,True,False,None,None,False,None,Low,Tier D (Low Value / Specialized),OBSERVED_EXHAUSTIVE,AWS S3 gfs.20260828/00/atmos/gfs.t00z.pgrb2.0p25.fXXX.idx (643:461742069:d=2026082800:PRES:convective cloud top level:3 hour fcst:),HIGH,Atmospheric pressure at specified level
gfs,pgrb2.0p25,PRES,Pressure,pressure_high_cloud_bottom_level,Mass / Pressure,cloudLayer,high cloud bottom level,Pa,average,average,0-6h resetting (GFS) / 3h-6h alternating (GEFS),6h / 3h-6h,0,240,3h,False,"80/81 leads (100% post-analysis, absent at f000 by design)",deterministic (single run),complete (deterministic),True,False,False,None,Requires temporal interval handling or de-accumulation,False,None,Low,Tier D (Low Value / Specialized),OBSERVED_EXHAUSTIVE,AWS S3 gfs.20260828/00/atmos/gfs.t00z.pgrb2.0p25.fXXX.idx (642:460371505:d=2026082800:PRES:high cloud bottom level:0-3 hour ave fcst:),HIGH,Atmospheric pressure at specified level
gfs,pgrb2.0p25,PRES,Pressure,pressure_high_cloud_top_level,Mass / Pressure,cloudLayer,high cloud top level,Pa,average,average,0-6h resetting (GFS) / 3h-6h alternating (GEFS),6h / 3h-6h,0,240,3h,False,"80/81 leads (100% post-analysis, absent at f000 by design)",deterministic (single run),complete (deterministic),True,False,False,None,Requires temporal interval handling or de-accumulation,False,None,Low,Tier D (Low Value / Specialized),OBSERVED_EXHAUSTIVE,AWS S3 gfs.20260828/00/atmos/gfs.t00z.pgrb2.0p25.fXXX.idx (646:464644017:d=2026082800:PRES:high cloud top level:0-3 hour ave fcst:),HIGH,Atmospheric pressure at specified level
gfs,pgrb2.0p25,PRES,Pressure,pressure_low_cloud_bottom_level,Mass / Pressure,cloudLayer,low cloud bottom level,Pa,average,average,0-6h resetting (GFS) / 3h-6h alternating (GEFS),6h / 3h-6h,0,240,3h,False,"80/81 leads (100% post-analysis, absent at f000 by design)",deterministic (single run),complete (deterministic),True,False,False,None,Requires temporal interval handling or de-accumulation,False,None,Low,Tier D (Low Value / Specialized),OBSERVED_EXHAUSTIVE,AWS S3 gfs.20260828/00/atmos/gfs.t00z.pgrb2.0p25.fXXX.idx (640:458061100:d=2026082800:PRES:low cloud bottom level:0-3 hour ave fcst:),HIGH,Atmospheric pressure at specified level
gfs,pgrb2.0p25,PRES,Pressure,pressure_low_cloud_top_level,Mass / Pressure,cloudLayer,low cloud top level,Pa,average,average,0-6h resetting (GFS) / 3h-6h alternating (GEFS),6h / 3h-6h,0,240,3h,False,"80/81 leads (100% post-analysis, absent at f000 by design)",deterministic (single run),complete (deterministic),True,False,False,None,Requires temporal interval handling or de-accumulation,False,None,Low,Tier D (Low Value / Specialized),OBSERVED_EXHAUSTIVE,AWS S3 gfs.20260828/00/atmos/gfs.t00z.pgrb2.0p25.fXXX.idx (644:462344568:d=2026082800:PRES:low cloud top level:0-3 hour ave fcst:),HIGH,Atmospheric pressure at specified level
gfs,pgrb2.0p25,PRES,Pressure,pressure_max_wind,Mass / Pressure,maxWind,max wind,Pa,instant,instant,N/A,N/A,0,240,3h,True,81/81 leads (100% on 3h grid),deterministic (single run),complete (deterministic),True,True,False,None,None,False,None,Low,Tier D (Low Value / Specialized),OBSERVED_EXHAUSTIVE,AWS S3 gfs.20260828/00/atmos/gfs.t00z.pgrb2.0p25.fXXX.idx (623:452131752:d=2026082800:PRES:max wind:anl:),HIGH,Atmospheric pressure at specified level
gfs,pgrb2.0p25,PRES,Pressure,pressure_middle_cloud_bottom_level,Mass / Pressure,cloudLayer,middle cloud bottom level,Pa,average,average,0-6h resetting (GFS) / 3h-6h alternating (GEFS),6h / 3h-6h,0,240,3h,False,"80/81 leads (100% post-analysis, absent at f000 by design)",deterministic (single run),complete (deterministic),True,False,False,None,Requires temporal interval handling or de-accumulation,False,None,Low,Tier D (Low Value / Specialized),OBSERVED_EXHAUSTIVE,AWS S3 gfs.20260828/00/atmos/gfs.t00z.pgrb2.0p25.fXXX.idx (641:459312560:d=2026082800:PRES:middle cloud bottom level:0-3 hour ave fcst:),HIGH,Atmospheric pressure at specified level
gfs,pgrb2.0p25,PRES,Pressure,pressure_middle_cloud_top_level,Mass / Pressure,cloudLayer,middle cloud top level,Pa,average,average,0-6h resetting (GFS) / 3h-6h alternating (GEFS),6h / 3h-6h,0,240,3h,False,"80/81 leads (100% post-analysis, absent at f000 by design)",deterministic (single run),complete (deterministic),True,False,False,None,Requires temporal interval handling or de-accumulation,False,None,Low,Tier D (Low Value / Specialized),OBSERVED_EXHAUSTIVE,AWS S3 gfs.20260828/00/atmos/gfs.t00z.pgrb2.0p25.fXXX.idx (645:463616912:d=2026082800:PRES:middle cloud top level:0-3 hour ave fcst:),HIGH,Atmospheric pressure at specified level
gfs,pgrb2.0p25,PRES,Pressure,surface_pressure,Mass / Pressure,surface,surface,Pa,instant,instant,N/A,N/A,0,240,3h,True,81/81 leads (100% on 3h grid),deterministic (single run),complete (deterministic),True,True,False,None,None,False,None,High,Tier A (Strong Raw Candidate),OBSERVED_EXHAUSTIVE,AWS S3 gfs.20260828/00/atmos/gfs.t00z.pgrb2.0p25.fXXX.idx (561:415792145:d=2026082800:PRES:surface:anl:),HIGH,Atmospheric pressure at specified level
gfs,pgrb2.0p25,PRES,Pressure,pressure_tropopause,Mass / Pressure,tropopause,tropopause,Pa,instant,instant,N/A,N/A,0,240,3h,True,81/81 leads (100% on 3h grid),deterministic (single run),complete (deterministic),True,True,False,None,None,False,None,Low,Tier D (Low Value / Specialized),OBSERVED_EXHAUSTIVE,AWS S3 gfs.20260828/00/atmos/gfs.t00z.pgrb2.0p25.fXXX.idx (616:445075387:d=2026082800:PRES:tropopause:anl:),HIGH,Atmospheric pressure at specified level
gfs,pgrb2.0p25,PRMSL,Pressure Reduced to MSL,mslp,Mass / Pressure,meanSeaLevel,mean sea level,Pa,instant,instant,N/A,N/A,0,240,3h,True,81/81 leads (100% on 3h grid),deterministic (single run),complete (deterministic),True,True,False,None,None,False,None,High,Tier A (Strong Raw Candidate),OBSERVED_EXHAUSTIVE,AWS S3 gfs.20260828/00/atmos/gfs.t00z.pgrb2.0p25.fXXX.idx (1:0:d=2026082800:PRMSL:mean sea level:anl:),HIGH,Pressure reduced to mean sea level (standard reduction)
gfs,pgrb2.0p25,APTMP,Apparent Temperature,apparent_temperature_2_m_above_ground,Near-Surface / Biometeorology,heightAboveGround,2 m above ground,K,instant,instant,N/A,N/A,0,240,3h,True,81/81 leads (100% on 3h grid),deterministic (single run),complete (deterministic),True,True,False,None,None,False,None,Low,Tier D (Low Value / Specialized),OBSERVED_EXHAUSTIVE,AWS S3 gfs.20260828/00/atmos/gfs.t00z.pgrb2.0p25.fXXX.idx (584:426722385:d=2026082800:APTMP:2 m above ground:anl:),HIGH,Perceived temperature incorporating humidity and wind
gfs,pgrb2.0p25,ACPCP,Convective Accumulated Precip,convective_precipitation_accum,Precipitation / Hydrology,surface,surface,kg/m^2,accumulation,accum,0-6h resetting (GFS) / 3h-6h alternating (GEFS),6h / 3h-6h,0,240,3h,False,"80/81 leads (100% post-analysis, absent at f000 by design)",deterministic (single run),complete (deterministic),True,False,False,None,Requires temporal interval handling or de-accumulation,False,None,Low,Tier D (Low Value / Specialized),OBSERVED_EXHAUSTIVE,AWS S3 gfs.20260828/00/atmos/gfs.t00z.pgrb2.0p25.fXXX.idx (598:436884368:d=2026082800:ACPCP:surface:0-3 hour acc fcst:),HIGH,Convective precipitation accumulated over interval
gfs,pgrb2.0p25,APCP,Total Accumulated Precipitation,precipitation_accum,Precipitation / Hydrology,surface,surface,kg/m^2,accumulation,accum,0-6h resetting (GFS) / 3h-6h alternating (GEFS),6h / 3h-6h,0,240,3h,False,"80/81 leads (100% post-analysis, absent at f000 by design)",deterministic (single run),complete (deterministic),True,False,False,None,Requires temporal interval handling or de-accumulation,False,None,Medium,Tier C (Semantics / Normalization Required),OBSERVED_EXHAUSTIVE,AWS S3 gfs.20260828/00/atmos/gfs.t00z.pgrb2.0p25.fXXX.idx (596:436242422:d=2026082800:APCP:surface:0-3 hour acc fcst:),HIGH,Water-equivalent total precipitation accumulated over interval
gfs,pgrb2.0p25,CPRAT,Convective Precipitation Rate,convective_precipitation_rate,Precipitation / Hydrology,surface,surface,kg m^-2 s^-1,average,average,0-6h resetting (GFS) / 3h-6h alternating (GEFS),6h / 3h-6h,0,240,3h,False,"80/81 leads (100% post-analysis, absent at f000 by design)",deterministic (single run),complete (deterministic),True,False,False,None,Requires temporal interval handling or de-accumulation,False,None,Low,Tier D (Low Value / Specialized),OBSERVED_EXHAUSTIVE,AWS S3 gfs.20260828/00/atmos/gfs.t00z.pgrb2.0p25.fXXX.idx (592:433659053:d=2026082800:CPRAT:surface:3 hour fcst:),HIGH,Convective portion of surface precipitation flux
gfs,pgrb2.0p25,PRATE,Precipitation Rate,precipitation_rate,Precipitation / Hydrology,surface,surface,kg m^-2 s^-1,average,average,0-6h resetting (GFS) / 3h-6h alternating (GEFS),6h / 3h-6h,0,240,3h,False,"80/81 leads (100% post-analysis, absent at f000 by design)",deterministic (single run),complete (deterministic),True,False,False,None,Requires temporal interval handling or de-accumulation,True,"parser.py, idx_parser.py, cli.py",Medium,Tier C (Semantics / Normalization Required),OBSERVED_EXHAUSTIVE,AWS S3 gfs.20260828/00/atmos/gfs.t00z.pgrb2.0p25.fXXX.idx (589:429832588:d=2026082800:PRATE:surface:anl:),HIGH,Surface precipitation flux (rate of water-equivalent mass)
gfs,pgrb2.0p25,CPOFP,Percent of Frozen Precipitation,frozen_precipitation_percent,Precipitation Type,surface,surface,%,instant,instant,N/A,N/A,0,240,3h,True,81/81 leads (100% on 3h grid),deterministic (single run),complete (deterministic),True,False,False,None,Requires temporal interval handling or de-accumulation,False,None,Low,Tier D (Low Value / Specialized),OBSERVED_EXHAUSTIVE,AWS S3 gfs.20260828/00/atmos/gfs.t00z.pgrb2.0p25.fXXX.idx (588:429246547:d=2026082800:CPOFP:surface:anl:),HIGH,Estimated percentage of precipitation falling in frozen form
gfs,pgrb2.0p25,REFC,Composite Reflectivity,composite_reflectivity_entire_atmosphere,Radar / Precipitation,atmosphere,entire atmosphere,dBZ,instant,instant,N/A,N/A,0,240,3h,True,81/81 leads (100% on 3h grid),deterministic (single run),complete (deterministic),True,True,False,None,None,False,None,Low,Tier D (Low Value / Specialized),OBSERVED_EXHAUSTIVE,AWS S3 gfs.20260828/00/atmos/gfs.t00z.pgrb2.0p25.fXXX.idx (9:3396147:d=2026082800:REFC:entire atmosphere:anl:),HIGH,Maximum simulated radar reflectivity in atmospheric column
gfs,pgrb2.0p25,REFD,Simulated Radar Reflectivity,radar_reflectivity_1_hybrid_level,Radar / Precipitation,hybrid,1 hybrid level,dBZ,instant,instant,N/A,N/A,0,240,3h,True,81/81 leads (100% on 3h grid),deterministic (single run),complete (deterministic),True,True,False,None,None,False,None,Low,Tier D (Low Value / Specialized),OBSERVED_EXHAUSTIVE,AWS S3 gfs.20260828/00/atmos/gfs.t00z.pgrb2.0p25.fXXX.idx (7:1714025:d=2026082800:REFD:1 hybrid level:anl:),HIGH,Simulated radar reflectivity factor at specified height
gfs,pgrb2.0p25,REFD,Simulated Radar Reflectivity,radar_reflectivity_1000_m_above_ground,Radar / Precipitation,heightAboveGround,1000 m above ground,dBZ,instant,instant,N/A,N/A,0,240,3h,True,81/81 leads (100% on 3h grid),deterministic (single run),complete (deterministic),True,True,False,None,None,False,None,Low,Tier D (Low Value / Specialized),OBSERVED_EXHAUSTIVE,AWS S3 gfs.20260828/00/atmos/gfs.t00z.pgrb2.0p25.fXXX.idx (560:414989537:d=2026082800:REFD:1000 m above ground:anl:),HIGH,Simulated radar reflectivity factor at specified height
gfs,pgrb2.0p25,REFD,Simulated Radar Reflectivity,radar_reflectivity_2_hybrid_level,Radar / Precipitation,hybrid,2 hybrid level,dBZ,instant,instant,N/A,N/A,0,240,3h,True,81/81 leads (100% on 3h grid),deterministic (single run),complete (deterministic),True,True,False,None,None,False,None,Low,Tier D (Low Value / Specialized),OBSERVED_EXHAUSTIVE,AWS S3 gfs.20260828/00/atmos/gfs.t00z.pgrb2.0p25.fXXX.idx (8:2554967:d=2026082800:REFD:2 hybrid level:anl:),HIGH,Simulated radar reflectivity factor at specified height
gfs,pgrb2.0p25,REFD,Simulated Radar Reflectivity,radar_reflectivity_4000_m_above_ground,Radar / Precipitation,heightAboveGround,4000 m above ground,dBZ,instant,instant,N/A,N/A,0,240,3h,True,81/81 leads (100% on 3h grid),deterministic (single run),complete (deterministic),True,True,False,None,None,False,None,Low,Tier D (Low Value / Specialized),OBSERVED_EXHAUSTIVE,AWS S3 gfs.20260828/00/atmos/gfs.t00z.pgrb2.0p25.fXXX.idx (559:414666575:d=2026082800:REFD:4000 m above ground:anl:),HIGH,Simulated radar reflectivity factor at specified height
gfs,pgrb2.0p25,DSWRF,Downward Short-Wave Radiation Flux,solar_radiation_downward,Radiation / Solar Fluxes,surface,surface,W/m^2,average,average,0-6h resetting (GFS) / 3h-6h alternating (GEFS),6h / 3h-6h,0,240,3h,False,"80/81 leads (100% post-analysis, absent at f000 by design)",deterministic (single run),complete (deterministic),True,False,False,None,Requires temporal interval handling or de-accumulation,False,None,Medium,Tier C (Interval / Averaged Semantics),OBSERVED_EXHAUSTIVE,AWS S3 gfs.20260828/00/atmos/gfs.t00z.pgrb2.0p25.fXXX.idx (653:470700742:d=2026082800:DSWRF:surface:0-3 hour ave fcst:),HIGH,Incoming solar irradiance incident on surface
gfs,pgrb2.0p25,USWRF,Upward Short-Wave Radiation Flux,solar_radiation_upward,Radiation / Solar Fluxes,surface,surface,W/m^2,average,average,0-6h resetting (GFS) / 3h-6h alternating (GEFS),6h / 3h-6h,0,240,3h,False,"80/81 leads (100% post-analysis, absent at f000 by design)",deterministic (single run),complete (deterministic),True,False,False,None,Requires temporal interval handling or de-accumulation,False,None,Low,Tier D (Low Value / Specialized),OBSERVED_EXHAUSTIVE,AWS S3 gfs.20260828/00/atmos/gfs.t00z.pgrb2.0p25.fXXX.idx (655:472530000:d=2026082800:USWRF:surface:0-3 hour ave fcst:),HIGH,Reflected shortwave solar radiation flux
gfs,pgrb2.0p25,USWRF,Upward Short-Wave Radiation Flux,solar_radiation_upward_top_of_atmosphere,Radiation / Solar Fluxes,topOfAtmosphere,top of atmosphere,W/m^2,average,average,0-6h resetting (GFS) / 3h-6h alternating (GEFS),6h / 3h-6h,0,240,3h,False,"80/81 leads (100% post-analysis, absent at f000 by design)",deterministic (single run),complete (deterministic),True,False,False,None,Requires temporal interval handling or de-accumulation,False,None,Low,Tier D (Low Value / Specialized),OBSERVED_EXHAUSTIVE,AWS S3 gfs.20260828/00/atmos/gfs.t00z.pgrb2.0p25.fXXX.idx (657:474041268:d=2026082800:USWRF:top of atmosphere:0-3 hour ave fcst:),HIGH,Reflected shortwave solar radiation flux
gfs,pgrb2.0p25,ALBDO,Albedo,albedo,Radiation / Surface,surface,surface,%,average,average,0-6h resetting (GFS) / 3h-6h alternating (GEFS),6h / 3h-6h,0,240,3h,False,"80/81 leads (100% post-analysis, absent at f000 by design)",deterministic (single run),complete (deterministic),True,False,False,None,Requires temporal interval handling or de-accumulation,False,None,Low,Tier D (Low Value / Specialized),OBSERVED_EXHAUSTIVE,AWS S3 gfs.20260828/00/atmos/gfs.t00z.pgrb2.0p25.fXXX.idx (730:538774856:d=2026082800:ALBDO:surface:0-3 hour ave fcst:),HIGH,Surface shortwave solar reflectivity ratio
gfs,pgrb2.0p25,SUNSD,Sunshine Duration,sunshine_duration,Radiation / Surface,surface,surface,s,instant,instant,N/A,N/A,0,240,3h,True,81/81 leads (100% on 3h grid),deterministic (single run),complete (deterministic),True,True,False,None,None,False,None,Low,Tier D (Low Value / Specialized),OBSERVED_EXHAUSTIVE,AWS S3 gfs.20260828/00/atmos/gfs.t00z.pgrb2.0p25.fXXX.idx (600:433486410:d=2026082800:SUNSD:surface:anl:),HIGH,Total seconds of sunshine duration exceeding threshold
gfs,pgrb2.0p25,DLWRF,Downward Long-Wave Radiation Flux,thermal_radiation_downward,Radiation / Thermal Fluxes,surface,surface,W/m^2,average,average,0-6h resetting (GFS) / 3h-6h alternating (GEFS),6h / 3h-6h,0,240,3h,False,"80/81 leads (100% post-analysis, absent at f000 by design)",deterministic (single run),complete (deterministic),True,False,False,None,Requires temporal interval handling or de-accumulation,False,None,Medium,Tier C (Interval / Averaged Semantics),OBSERVED_EXHAUSTIVE,AWS S3 gfs.20260828/00/atmos/gfs.t00z.pgrb2.0p25.fXXX.idx (654:471566852:d=2026082800:DLWRF:surface:0-3 hour ave fcst:),HIGH,Incoming infrared atmospheric thermal radiation incident on surface
gfs,pgrb2.0p25,ULWRF,Upward Long-Wave Radiation Flux,thermal_radiation_upward,Radiation / Thermal Fluxes,surface,surface,W/m^2,average,average,0-6h resetting (GFS) / 3h-6h alternating (GEFS),6h / 3h-6h,0,240,3h,False,"80/81 leads (100% post-analysis, absent at f000 by design)",deterministic (single run),complete (deterministic),True,False,False,None,Requires temporal interval handling or de-accumulation,False,None,Low,Tier D (Low Value / Specialized),OBSERVED_EXHAUSTIVE,AWS S3 gfs.20260828/00/atmos/gfs.t00z.pgrb2.0p25.fXXX.idx (656:473309258:d=2026082800:ULWRF:surface:0-3 hour ave fcst:),HIGH,Outgoing infrared radiation emitted from surface or TOA
gfs,pgrb2.0p25,ULWRF,Upward Long-Wave Radiation Flux,thermal_radiation_upward_top_of_atmosphere,Radiation / Thermal Fluxes,topOfAtmosphere,top of atmosphere,W/m^2,average,average,0-6h resetting (GFS) / 3h-6h alternating (GEFS),6h / 3h-6h,0,240,3h,False,"80/81 leads (100% post-analysis, absent at f000 by design)",deterministic (single run),complete (deterministic),True,False,False,None,Requires temporal interval handling or de-accumulation,False,None,Low,Tier D (Low Value / Specialized),OBSERVED_EXHAUSTIVE,AWS S3 gfs.20260828/00/atmos/gfs.t00z.pgrb2.0p25.fXXX.idx (658:474897520:d=2026082800:ULWRF:top of atmosphere:0-3 hour ave fcst:),HIGH,Outgoing infrared radiation emitted from surface or TOA
gfs,pgrb2.0p25,FLDCP,Field Capacity,field_capacity,Soil / Agronomy,surface,surface,fraction,instant,instant,N/A,N/A,0,240,3h,True,81/81 leads (100% on 3h grid),deterministic (single run),complete (deterministic),True,True,False,None,None,False,None,Low,Tier D (Low Value / Specialized),OBSERVED_EXHAUSTIVE,AWS S3 gfs.20260828/00/atmos/gfs.t00z.pgrb2.0p25.fXXX.idx (599:433119495:d=2026082800:FLDCP:surface:anl:),HIGH,Volumetric soil moisture at field capacity
gfs,pgrb2.0p25,WILT,Wilting Point,wilting_point,Soil / Agronomy,surface,surface,fraction,instant,instant,N/A,N/A,0,240,3h,True,81/81 leads (100% on 3h grid),deterministic (single run),complete (deterministic),True,True,False,None,None,False,None,Low,Tier D (Low Value / Specialized),OBSERVED_EXHAUSTIVE,AWS S3 gfs.20260828/00/atmos/gfs.t00z.pgrb2.0p25.fXXX.idx (598:432758664:d=2026082800:WILT:surface:anl:),HIGH,Volumetric soil moisture at plant permanent wilting point
gfs,pgrb2.0p25,SOILL,Liquid Volumetric Soil Moisture,soil_liquid_moisture_0_0_1_m_below_ground,Soil / Land State,depthBelowGround,0-0.1 m below ground,fraction,instant,instant,N/A,N/A,0,240,3h,True,81/81 leads (100% on 3h grid),deterministic (single run),complete (deterministic),True,True,False,None,None,False,None,Low,Tier D (Low Value / Specialized),OBSERVED_EXHAUSTIVE,AWS S3 gfs.20260828/00/atmos/gfs.t00z.pgrb2.0p25.fXXX.idx (566:418460374:d=2026082800:SOILL:0-0.1 m below ground:anl:),HIGH,Volume of unfrozen liquid water per unit total volume of soil
gfs,pgrb2.0p25,SOILL,Liquid Volumetric Soil Moisture,soil_liquid_moisture_0_1_0_4_m_below_ground,Soil / Land State,depthBelowGround,0.1-0.4 m below ground,fraction,instant,instant,N/A,N/A,0,240,3h,True,81/81 leads (100% on 3h grid),deterministic (single run),complete (deterministic),True,True,False,None,None,False,None,Low,Tier D (Low Value / Specialized),OBSERVED_EXHAUSTIVE,AWS S3 gfs.20260828/00/atmos/gfs.t00z.pgrb2.0p25.fXXX.idx (569:419579608:d=2026082800:SOILL:0.1-0.4 m below ground:anl:),HIGH,Volume of unfrozen liquid water per unit total volume of soil
gfs,pgrb2.0p25,SOILL,Liquid Volumetric Soil Moisture,soil_liquid_moisture_0_4_1_m_below_ground,Soil / Land State,depthBelowGround,0.4-1 m below ground,fraction,instant,instant,N/A,N/A,0,240,3h,True,81/81 leads (100% on 3h grid),deterministic (single run),complete (deterministic),True,True,False,None,None,False,None,Low,Tier D (Low Value / Specialized),OBSERVED_EXHAUSTIVE,AWS S3 gfs.20260828/00/atmos/gfs.t00z.pgrb2.0p25.fXXX.idx (572:420831675:d=2026082800:SOILL:0.4-1 m below ground:anl:),HIGH,Volume of unfrozen liquid water per unit total volume of soil
gfs,pgrb2.0p25,SOILL,Liquid Volumetric Soil Moisture,soil_liquid_moisture_1_2_m_below_ground,Soil / Land State,depthBelowGround,1-2 m below ground,fraction,instant,instant,N/A,N/A,0,240,3h,True,81/81 leads (100% on 3h grid),deterministic (single run),complete (deterministic),True,True,False,None,None,False,None,Low,Tier D (Low Value / Specialized),OBSERVED_EXHAUSTIVE,AWS S3 gfs.20260828/00/atmos/gfs.t00z.pgrb2.0p25.fXXX.idx (575:422076525:d=2026082800:SOILL:1-2 m below ground:anl:),HIGH,Volume of unfrozen liquid water per unit total volume of soil
gfs,pgrb2.0p25,SOILW,Volumetric Soil Moisture Content,soil_moisture_0_0_1_m_below_ground,Soil / Land State,depthBelowGround,0-0.1 m below ground,fraction,instant,instant,N/A,N/A,0,240,3h,True,81/81 leads (100% on 3h grid),deterministic (single run),complete (deterministic),True,True,False,None,None,False,None,Low,Tier D (Low Value / Specialized),OBSERVED_EXHAUSTIVE,AWS S3 gfs.20260828/00/atmos/gfs.t00z.pgrb2.0p25.fXXX.idx (565:418105135:d=2026082800:SOILW:0-0.1 m below ground:anl:),HIGH,Volume of water per unit total volume of soil
gfs,pgrb2.0p25,SOILW,Volumetric Soil Moisture Content,soil_moisture_0_1_0_4_m_below_ground,Soil / Land State,depthBelowGround,0.1-0.4 m below ground,fraction,instant,instant,N/A,N/A,0,240,3h,True,81/81 leads (100% on 3h grid),deterministic (single run),complete (deterministic),True,True,False,None,None,False,None,Low,Tier D (Low Value / Specialized),OBSERVED_EXHAUSTIVE,AWS S3 gfs.20260828/00/atmos/gfs.t00z.pgrb2.0p25.fXXX.idx (568:419218274:d=2026082800:SOILW:0.1-0.4 m below ground:anl:),HIGH,Volume of water per unit total volume of soil
gfs,pgrb2.0p25,SOILW,Volumetric Soil Moisture Content,soil_moisture_0_4_1_m_below_ground,Soil / Land State,depthBelowGround,0.4-1 m below ground,fraction,instant,instant,N/A,N/A,0,240,3h,True,81/81 leads (100% on 3h grid),deterministic (single run),complete (deterministic),True,True,False,None,None,False,None,Low,Tier D (Low Value / Specialized),OBSERVED_EXHAUSTIVE,AWS S3 gfs.20260828/00/atmos/gfs.t00z.pgrb2.0p25.fXXX.idx (571:420465647:d=2026082800:SOILW:0.4-1 m below ground:anl:),HIGH,Volume of water per unit total volume of soil
gfs,pgrb2.0p25,SOILW,Volumetric Soil Moisture Content,soil_moisture_1_2_m_below_ground,Soil / Land State,depthBelowGround,1-2 m below ground,fraction,instant,instant,N/A,N/A,0,240,3h,True,81/81 leads (100% on 3h grid),deterministic (single run),complete (deterministic),True,True,False,None,None,False,None,Low,Tier D (Low Value / Specialized),OBSERVED_EXHAUSTIVE,AWS S3 gfs.20260828/00/atmos/gfs.t00z.pgrb2.0p25.fXXX.idx (574:421720862:d=2026082800:SOILW:1-2 m below ground:anl:),HIGH,Volume of water per unit total volume of soil
gfs,pgrb2.0p25,TSOIL,Soil Temperature,soil_temperature_0_0_1_m_below_ground,Soil / Land State,depthBelowGround,0-0.1 m below ground,K,instant,instant,N/A,N/A,0,240,3h,True,81/81 leads (100% on 3h grid),deterministic (single run),complete (deterministic),True,True,False,None,None,False,None,Low,Tier D (Low Value / Specialized),OBSERVED_EXHAUSTIVE,AWS S3 gfs.20260828/00/atmos/gfs.t00z.pgrb2.0p25.fXXX.idx (564:417692692:d=2026082800:TSOIL:0-0.1 m below ground:anl:),HIGH,Thermodynamic temperature of soil layer
gfs,pgrb2.0p25,TSOIL,Soil Temperature,soil_temperature_0_1_0_4_m_below_ground,Soil / Land State,depthBelowGround,0.1-0.4 m below ground,K,instant,instant,N/A,N/A,0,240,3h,True,81/81 leads (100% on 3h grid),deterministic (single run),complete (deterministic),True,True,False,None,None,False,None,Low,Tier D (Low Value / Specialized),OBSERVED_EXHAUSTIVE,AWS S3 gfs.20260828/00/atmos/gfs.t00z.pgrb2.0p25.fXXX.idx (567:418815502:d=2026082800:TSOIL:0.1-0.4 m below ground:anl:),HIGH,Thermodynamic temperature of soil layer
gfs,pgrb2.0p25,TSOIL,Soil Temperature,soil_temperature_0_4_1_m_below_ground,Soil / Land State,depthBelowGround,0.4-1 m below ground,K,instant,instant,N/A,N/A,0,240,3h,True,81/81 leads (100% on 3h grid),deterministic (single run),complete (deterministic),True,True,False,None,None,False,None,Low,Tier D (Low Value / Specialized),OBSERVED_EXHAUSTIVE,AWS S3 gfs.20260828/00/atmos/gfs.t00z.pgrb2.0p25.fXXX.idx (570:419940851:d=2026082800:TSOIL:0.4-1 m below ground:anl:),HIGH,Thermodynamic temperature of soil layer
gfs,pgrb2.0p25,TSOIL,Soil Temperature,soil_temperature_1_2_m_below_ground,Soil / Land State,depthBelowGround,1-2 m below ground,K,instant,instant,N/A,N/A,0,240,3h,True,81/81 leads (100% on 3h grid),deterministic (single run),complete (deterministic),True,True,False,None,None,False,None,Low,Tier D (Low Value / Specialized),OBSERVED_EXHAUSTIVE,AWS S3 gfs.20260828/00/atmos/gfs.t00z.pgrb2.0p25.fXXX.idx (573:421196347:d=2026082800:TSOIL:1-2 m below ground:anl:),HIGH,Thermodynamic temperature of soil layer
gfs,pgrb2.0p25,LAND,Land-Sea Mask,land_sea_mask,Static / Geographic,surface,surface,"0=sea, 1=land",instant,instant,N/A,N/A,0,240,3h,True,81/81 leads (100% on 3h grid),deterministic (single run),complete (deterministic),True,True,False,None,None,False,None,Low,Tier D (Low Value / Specialized),OBSERVED_EXHAUSTIVE,AWS S3 gfs.20260828/00/atmos/gfs.t00z.pgrb2.0p25.fXXX.idx (682:506352446:d=2026082800:LAND:surface:anl:),HIGH,Binary land-sea mask
gfs,pgrb2.0p25,SOTYP,Soil Type,soil_type,Static / Land Surface,surface,surface,code,instant,instant,N/A,N/A,0,240,3h,True,81/81 leads (100% on 3h grid),deterministic (single run),complete (deterministic),True,True,False,None,None,False,None,Low,Tier D (Low Value / Specialized),OBSERVED_EXHAUSTIVE,AWS S3 gfs.20260828/00/atmos/gfs.t00z.pgrb2.0p25.fXXX.idx (597:432460205:d=2026082800:SOTYP:surface:anl:),HIGH,Zobler soil classification code
gfs,pgrb2.0p25,FRICV,Friction Velocity,friction_velocity,Surface Boundary Layer,surface,surface,m/s,instant,instant,N/A,N/A,0,240,3h,True,81/81 leads (100% on 3h grid),deterministic (single run),complete (deterministic),True,True,False,None,None,False,None,Low,Tier D (Low Value / Specialized),OBSERVED_EXHAUSTIVE,AWS S3 gfs.20260828/00/atmos/gfs.t00z.pgrb2.0p25.fXXX.idx (595:431159114:d=2026082800:FRICV:surface:anl:),HIGH,Characteristic velocity scale of surface turbulence (u*)
gfs,pgrb2.0p25,UFLX,"Momentum Flux, Zonal",momentum_flux_u,Surface Boundary Layer,surface,surface,N/m^2,average,average,0-6h resetting (GFS) / 3h-6h alternating (GEFS),6h / 3h-6h,0,240,3h,False,"80/81 leads (100% post-analysis, absent at f000 by design)",deterministic (single run),complete (deterministic),True,False,False,None,Requires temporal interval handling or de-accumulation,False,None,Low,Tier D (Low Value / Specialized),OBSERVED_EXHAUSTIVE,AWS S3 gfs.20260828/00/atmos/gfs.t00z.pgrb2.0p25.fXXX.idx (612:440311654:d=2026082800:UFLX:surface:0-3 hour ave fcst:),HIGH,Surface kinematic stress in zonal direction
gfs,pgrb2.0p25,VFLX,"Momentum Flux, Meridional",momentum_flux_v,Surface Boundary Layer,surface,surface,N/m^2,average,average,0-6h resetting (GFS) / 3h-6h alternating (GEFS),6h / 3h-6h,0,240,3h,False,"80/81 leads (100% post-analysis, absent at f000 by design)",deterministic (single run),complete (deterministic),True,False,False,None,Requires temporal interval handling or de-accumulation,False,None,Low,Tier D (Low Value / Specialized),OBSERVED_EXHAUSTIVE,AWS S3 gfs.20260828/00/atmos/gfs.t00z.pgrb2.0p25.fXXX.idx (613:440998054:d=2026082800:VFLX:surface:0-3 hour ave fcst:),HIGH,Surface kinematic stress in meridional direction
gfs,pgrb2.0p25,POT,Potential Temperature,potential_temperature_0_995_sigma_level,Thermodynamic,sigma,0.995 sigma level,K,instant,instant,N/A,N/A,0,240,3h,True,81/81 leads (100% on 3h grid),deterministic (single run),complete (deterministic),True,True,False,None,None,False,None,Low,Tier D (Low Value / Specialized),OBSERVED_EXHAUSTIVE,AWS S3 gfs.20260828/00/atmos/gfs.t00z.pgrb2.0p25.fXXX.idx (672:499360921:d=2026082800:POT:0.995 sigma level:anl:),HIGH,Temperature air parcel would attain if brought adiabatically to standard pressure
gfs,pgrb2.0p25,TMP,Temperature,temperature_0_995_sigma_level,Thermodynamic,sigma,0.995 sigma level,K,instant,instant,N/A,N/A,0,240,3h,True,81/81 leads (100% on 3h grid),deterministic (single run),complete (deterministic),True,True,False,None,None,False,None,Low,Tier D (Low Value / Specialized),OBSERVED_EXHAUSTIVE,AWS S3 gfs.20260828/00/atmos/gfs.t00z.pgrb2.0p25.fXXX.idx (671:498852037:d=2026082800:TMP:0.995 sigma level:anl:),HIGH,Air temperature at specified vertical level
gfs,pgrb2.0p25,TMP,Temperature,temperature_100_m_above_ground,Thermodynamic,heightAboveGround,100 m above ground,K,instant,instant,N/A,N/A,0,240,3h,True,81/81 leads (100% on 3h grid),deterministic (single run),complete (deterministic),True,True,False,None,None,False,None,Low,Tier D (Low Value / Specialized),OBSERVED_EXHAUSTIVE,AWS S3 gfs.20260828/00/atmos/gfs.t00z.pgrb2.0p25.fXXX.idx (642:472503006:d=2026082800:TMP:100 m above ground:anl:),HIGH,Air temperature at specified vertical level
gfs,pgrb2.0p25,TMP,Temperature,temperature_1829_m_above_mean_sea_level,Thermodynamic,meanSeaLevel,1829 m above mean sea level,K,instant,instant,N/A,N/A,0,240,3h,True,81/81 leads (100% on 3h grid),deterministic (single run),complete (deterministic),True,True,False,None,None,False,None,Low,Tier D (Low Value / Specialized),OBSERVED_EXHAUSTIVE,AWS S3 gfs.20260828/00/atmos/gfs.t00z.pgrb2.0p25.fXXX.idx (645:475346764:d=2026082800:TMP:1829 m above mean sea level:anl:),HIGH,Air temperature at specified vertical level
gfs,pgrb2.0p25,TMP,Temperature,temperature_2m,Thermodynamic,heightAboveGround,2 m above ground,K,instant,instant,N/A,N/A,0,240,3h,True,81/81 leads (100% on 3h grid),deterministic (single run),complete (deterministic),True,True,False,None,None,True,"parser.py, idx_parser.py, cli.py",High,Tier A (Strong Raw Candidate),OBSERVED_EXHAUSTIVE,AWS S3 gfs.20260828/00/atmos/gfs.t00z.pgrb2.0p25.fXXX.idx (580:423644323:d=2026082800:TMP:2 m above ground:anl:),HIGH,Air temperature at specified vertical level
gfs,pgrb2.0p25,TMP,Temperature,temperature_2743_m_above_mean_sea_level,Thermodynamic,meanSeaLevel,2743 m above mean sea level,K,instant,instant,N/A,N/A,0,240,3h,True,81/81 leads (100% on 3h grid),deterministic (single run),complete (deterministic),True,True,False,None,None,False,None,Low,Tier D (Low Value / Specialized),OBSERVED_EXHAUSTIVE,AWS S3 gfs.20260828/00/atmos/gfs.t00z.pgrb2.0p25.fXXX.idx (648:478324699:d=2026082800:TMP:2743 m above mean sea level:anl:),HIGH,Air temperature at specified vertical level
gfs,pgrb2.0p25,TMP,Temperature,temperature_30_0_mb_above_ground,Thermodynamic,heightAboveGround,30-0 mb above ground,K,instant,instant,N/A,N/A,0,240,3h,True,81/81 leads (100% on 3h grid),deterministic (single run),complete (deterministic),True,True,False,None,None,False,None,Low,Tier D (Low Value / Specialized),OBSERVED_EXHAUSTIVE,AWS S3 gfs.20260828/00/atmos/gfs.t00z.pgrb2.0p25.fXXX.idx (658:488053876:d=2026082800:TMP:30-0 mb above ground:anl:),HIGH,Air temperature at specified vertical level
gfs,pgrb2.0p25,TMP,Temperature,temperature_3658_m_above_mean_sea_level,Thermodynamic,meanSeaLevel,3658 m above mean sea level,K,instant,instant,N/A,N/A,0,240,3h,True,81/81 leads (100% on 3h grid),deterministic (single run),complete (deterministic),True,True,False,None,None,False,None,Low,Tier D (Low Value / Specialized),OBSERVED_EXHAUSTIVE,AWS S3 gfs.20260828/00/atmos/gfs.t00z.pgrb2.0p25.fXXX.idx (651:481293152:d=2026082800:TMP:3658 m above mean sea level:anl:),HIGH,Air temperature at specified vertical level
gfs,pgrb2.0p25,TMP,Temperature,temperature_80_m_above_ground,Thermodynamic,heightAboveGround,80 m above ground,K,instant,instant,N/A,N/A,0,240,3h,True,81/81 leads (100% on 3h grid),deterministic (single run),complete (deterministic),True,True,False,None,None,False,None,Low,Tier D (Low Value / Specialized),OBSERVED_EXHAUSTIVE,AWS S3 gfs.20260828/00/atmos/gfs.t00z.pgrb2.0p25.fXXX.idx (637:467613513:d=2026082800:TMP:80 m above ground:anl:),HIGH,Air temperature at specified vertical level
gfs,pgrb2.0p25,TMP,Temperature,temperature_pv__2e_06_km^2_kg_s_surface,Thermodynamic,surface,PV=-2e-06 (Km^2/kg/s) surface,K,instant,instant,N/A,N/A,0,240,3h,True,81/81 leads (100% on 3h grid),deterministic (single run),complete (deterministic),True,True,False,None,None,False,None,Low,Tier D (Low Value / Specialized),OBSERVED_EXHAUSTIVE,AWS S3 gfs.20260828/00/atmos/gfs.t00z.pgrb2.0p25.fXXX.idx (693:512614871:d=2026082800:TMP:PV=-2e-06 (Km^2/kg/s) surface:anl:),HIGH,Air temperature at specified vertical level
gfs,pgrb2.0p25,TMP,Temperature,temperature_pv_2e_06_km^2_kg_s_surface,Thermodynamic,surface,PV=2e-06 (Km^2/kg/s) surface,K,instant,instant,N/A,N/A,0,240,3h,True,81/81 leads (100% on 3h grid),deterministic (single run),complete (deterministic),True,True,False,None,None,False,None,Low,Tier D (Low Value / Specialized),OBSERVED_EXHAUSTIVE,AWS S3 gfs.20260828/00/atmos/gfs.t00z.pgrb2.0p25.fXXX.idx (687:507931615:d=2026082800:TMP:PV=2e-06 (Km^2/kg/s) surface:anl:),HIGH,Air temperature at specified vertical level
gfs,pgrb2.0p25,TMP,Temperature,temperature_high_cloud_top_level,Thermodynamic,cloudLayer,high cloud top level,K,average,average,0-6h resetting (GFS) / 3h-6h alternating (GEFS),6h / 3h-6h,0,240,3h,False,"80/81 leads (100% post-analysis, absent at f000 by design)",deterministic (single run),complete (deterministic),True,False,False,None,Requires temporal interval handling or de-accumulation,False,None,Low,Tier D (Low Value / Specialized),OBSERVED_EXHAUSTIVE,AWS S3 gfs.20260828/00/atmos/gfs.t00z.pgrb2.0p25.fXXX.idx (649:467727210:d=2026082800:TMP:high cloud top level:0-3 hour ave fcst:),HIGH,Air temperature at specified vertical level
gfs,pgrb2.0p25,TMP,Temperature,temperature_low_cloud_top_level,Thermodynamic,cloudLayer,low cloud top level,K,average,average,0-6h resetting (GFS) / 3h-6h alternating (GEFS),6h / 3h-6h,0,240,3h,False,"80/81 leads (100% post-analysis, absent at f000 by design)",deterministic (single run),complete (deterministic),True,False,False,None,Requires temporal interval handling or de-accumulation,False,None,Low,Tier D (Low Value / Specialized),OBSERVED_EXHAUSTIVE,AWS S3 gfs.20260828/00/atmos/gfs.t00z.pgrb2.0p25.fXXX.idx (647:466012127:d=2026082800:TMP:low cloud top level:0-3 hour ave fcst:),HIGH,Air temperature at specified vertical level
gfs,pgrb2.0p25,TMP,Temperature,temperature_max_wind,Thermodynamic,maxWind,max wind,K,instant,instant,N/A,N/A,0,240,3h,True,81/81 leads (100% on 3h grid),deterministic (single run),complete (deterministic),True,True,False,None,None,False,None,Low,Tier D (Low Value / Specialized),OBSERVED_EXHAUSTIVE,AWS S3 gfs.20260828/00/atmos/gfs.t00z.pgrb2.0p25.fXXX.idx (628:458502240:d=2026082800:TMP:max wind:anl:),HIGH,Air temperature at specified vertical level
gfs,pgrb2.0p25,TMP,Temperature,temperature_middle_cloud_top_level,Thermodynamic,cloudLayer,middle cloud top level,K,average,average,0-6h resetting (GFS) / 3h-6h alternating (GEFS),6h / 3h-6h,0,240,3h,False,"80/81 leads (100% post-analysis, absent at f000 by design)",deterministic (single run),complete (deterministic),True,False,False,None,Requires temporal interval handling or de-accumulation,False,None,Low,Tier D (Low Value / Specialized),OBSERVED_EXHAUSTIVE,AWS S3 gfs.20260828/00/atmos/gfs.t00z.pgrb2.0p25.fXXX.idx (648:466925589:d=2026082800:TMP:middle cloud top level:0-3 hour ave fcst:),HIGH,Air temperature at specified vertical level
gfs,pgrb2.0p25,TMP,Temperature,temperature,Thermodynamic,surface,surface,K,instant,instant,N/A,N/A,0,240,3h,True,81/81 leads (100% on 3h grid),deterministic (single run),complete (deterministic),True,True,False,None,None,False,None,Low,Tier D (Low Value / Specialized),OBSERVED_EXHAUSTIVE,AWS S3 gfs.20260828/00/atmos/gfs.t00z.pgrb2.0p25.fXXX.idx (563:417120066:d=2026082800:TMP:surface:anl:),HIGH,Air temperature at specified vertical level
gfs,pgrb2.0p25,TMP,Temperature,temperature_tropopause,Thermodynamic,tropopause,tropopause,K,instant,instant,N/A,N/A,0,240,3h,True,81/81 leads (100% on 3h grid),deterministic (single run),complete (deterministic),True,True,False,None,None,False,None,Low,Tier D (Low Value / Specialized),OBSERVED_EXHAUSTIVE,AWS S3 gfs.20260828/00/atmos/gfs.t00z.pgrb2.0p25.fXXX.idx (619:449154238:d=2026082800:TMP:tropopause:anl:),HIGH,Air temperature at specified vertical level
gfs,pgrb2.0p25,TMAX,Maximum Temperature,temperature_max_2_m_above_ground,Thermodynamic / Extremes,heightAboveGround,2 m above ground,K,maximum,max,0-6h max interval (GFS) / 3h-6h max interval (GEFS),6h / 3h-6h,0,240,3h,False,"80/81 leads (100% post-analysis, absent at f000 by design)",deterministic (single run),complete (deterministic),True,False,False,None,Requires temporal interval handling or de-accumulation,False,None,Medium,Tier C (Interval / Averaged Semantics),OBSERVED_EXHAUSTIVE,AWS S3 gfs.20260828/00/atmos/gfs.t00z.pgrb2.0p25.fXXX.idx (586:430107968:d=2026082800:TMAX:2 m above ground:0-3 hour max fcst:),HIGH,Maximum air temperature over forecast interval
gfs,pgrb2.0p25,TMIN,Minimum Temperature,temperature_min_2_m_above_ground,Thermodynamic / Extremes,heightAboveGround,2 m above ground,K,minimum,min,0-6h min interval (GFS) / 3h-6h min interval (GEFS),6h / 3h-6h,0,240,3h,False,"80/81 leads (100% post-analysis, absent at f000 by design)",deterministic (single run),complete (deterministic),True,False,False,None,Requires temporal interval handling or de-accumulation,False,None,Medium,Tier C (Interval / Averaged Semantics),OBSERVED_EXHAUSTIVE,AWS S3 gfs.20260828/00/atmos/gfs.t00z.pgrb2.0p25.fXXX.idx (587:430606365:d=2026082800:TMIN:2 m above ground:0-3 hour min fcst:),HIGH,Minimum air temperature over forecast interval
gfs,pgrb2.0p25,DPT,Dew Point Temperature,dewpoint_2m,Thermodynamic / Moisture,heightAboveGround,2 m above ground,K,instant,instant,N/A,N/A,0,240,3h,True,81/81 leads (100% on 3h grid),deterministic (single run),complete (deterministic),True,True,False,None,None,False,None,High,Tier A (Strong Raw Candidate),OBSERVED_EXHAUSTIVE,AWS S3 gfs.20260828/00/atmos/gfs.t00z.pgrb2.0p25.fXXX.idx (582:425393216:d=2026082800:DPT:2 m above ground:anl:),HIGH,Temperature to which air must be cooled to become saturated
gfs,pgrb2.0p25,RH,Relative Humidity,relative_humidity_0_33_1_sigma_layer,Thermodynamic / Moisture,sigma,0.33-1 sigma layer,%,instant,instant,N/A,N/A,0,240,3h,True,81/81 leads (100% on 3h grid),deterministic (single run),complete (deterministic),True,True,False,None,None,False,None,Low,Tier D (Low Value / Specialized),OBSERVED_EXHAUSTIVE,AWS S3 gfs.20260828/00/atmos/gfs.t00z.pgrb2.0p25.fXXX.idx (667:495848903:d=2026082800:RH:0.33-1 sigma layer:anl:),HIGH,Ratio of actual vapor pressure to saturation vapor pressure
gfs,pgrb2.0p25,RH,Relative Humidity,relative_humidity_0_44_0_72_sigma_layer,Thermodynamic / Moisture,sigma,0.44-0.72 sigma layer,%,instant,instant,N/A,N/A,0,240,3h,True,81/81 leads (100% on 3h grid),deterministic (single run),complete (deterministic),True,True,False,None,None,False,None,Low,Tier D (Low Value / Specialized),OBSERVED_EXHAUSTIVE,AWS S3 gfs.20260828/00/atmos/gfs.t00z.pgrb2.0p25.fXXX.idx (670:498100017:d=2026082800:RH:0.44-0.72 sigma layer:anl:),HIGH,Ratio of actual vapor pressure to saturation vapor pressure
gfs,pgrb2.0p25,RH,Relative Humidity,relative_humidity_0_44_1_sigma_layer,Thermodynamic / Moisture,sigma,0.44-1 sigma layer,%,instant,instant,N/A,N/A,0,240,3h,True,81/81 leads (100% on 3h grid),deterministic (single run),complete (deterministic),True,True,False,None,None,False,None,Low,Tier D (Low Value / Specialized),OBSERVED_EXHAUSTIVE,AWS S3 gfs.20260828/00/atmos/gfs.t00z.pgrb2.0p25.fXXX.idx (668:496589918:d=2026082800:RH:0.44-1 sigma layer:anl:),HIGH,Ratio of actual vapor pressure to saturation vapor pressure
gfs,pgrb2.0p25,RH,Relative Humidity,relative_humidity_0_72_0_94_sigma_layer,Thermodynamic / Moisture,sigma,0.72-0.94 sigma layer,%,instant,instant,N/A,N/A,0,240,3h,True,81/81 leads (100% on 3h grid),deterministic (single run),complete (deterministic),True,True,False,None,None,False,None,Low,Tier D (Low Value / Specialized),OBSERVED_EXHAUSTIVE,AWS S3 gfs.20260828/00/atmos/gfs.t00z.pgrb2.0p25.fXXX.idx (669:497313839:d=2026082800:RH:0.72-0.94 sigma layer:anl:),HIGH,Ratio of actual vapor pressure to saturation vapor pressure
gfs,pgrb2.0p25,RH,Relative Humidity,relative_humidity_0_995_sigma_level,Thermodynamic / Moisture,sigma,0.995 sigma level,%,instant,instant,N/A,N/A,0,240,3h,True,81/81 leads (100% on 3h grid),deterministic (single run),complete (deterministic),True,True,False,None,None,False,None,Low,Tier D (Low Value / Specialized),OBSERVED_EXHAUSTIVE,AWS S3 gfs.20260828/00/atmos/gfs.t00z.pgrb2.0p25.fXXX.idx (673:499863503:d=2026082800:RH:0.995 sigma level:anl:),HIGH,Ratio of actual vapor pressure to saturation vapor pressure
gfs,pgrb2.0p25,RH,Relative Humidity,relative_humidity_0c_isotherm,Thermodynamic / Moisture,nominal,0C isotherm,%,instant,instant,N/A,N/A,0,240,3h,True,81/81 leads (100% on 3h grid),deterministic (single run),complete (deterministic),True,True,False,None,None,False,None,Low,Tier D (Low Value / Specialized),OBSERVED_EXHAUSTIVE,AWS S3 gfs.20260828/00/atmos/gfs.t00z.pgrb2.0p25.fXXX.idx (655:485308292:d=2026082800:RH:0C isotherm:anl:),HIGH,Ratio of actual vapor pressure to saturation vapor pressure
gfs,pgrb2.0p25,RH,Relative Humidity,relative_humidity_2m,Thermodynamic / Moisture,heightAboveGround,2 m above ground,%,instant,instant,N/A,N/A,0,240,3h,True,81/81 leads (100% on 3h grid),deterministic (single run),complete (deterministic),True,True,False,None,None,False,None,High,Tier A (Strong Raw Candidate),OBSERVED_EXHAUSTIVE,AWS S3 gfs.20260828/00/atmos/gfs.t00z.pgrb2.0p25.fXXX.idx (583:425924608:d=2026082800:RH:2 m above ground:anl:),HIGH,Ratio of actual vapor pressure to saturation vapor pressure
gfs,pgrb2.0p25,RH,Relative Humidity,relative_humidity_30_0_mb_above_ground,Thermodynamic / Moisture,heightAboveGround,30-0 mb above ground,%,instant,instant,N/A,N/A,0,240,3h,True,81/81 leads (100% on 3h grid),deterministic (single run),complete (deterministic),True,True,False,None,None,False,None,Low,Tier D (Low Value / Specialized),OBSERVED_EXHAUSTIVE,AWS S3 gfs.20260828/00/atmos/gfs.t00z.pgrb2.0p25.fXXX.idx (659:488911683:d=2026082800:RH:30-0 mb above ground:anl:),HIGH,Ratio of actual vapor pressure to saturation vapor pressure
gfs,pgrb2.0p25,RH,Relative Humidity,relative_humidity_entire_atmosphere_considered_as_a_single_layer,Thermodynamic / Moisture,atmosphere,entire atmosphere (considered as a single layer),%,instant,instant,N/A,N/A,0,240,3h,True,81/81 leads (100% on 3h grid),deterministic (single run),complete (deterministic),True,True,False,None,None,False,None,Low,Tier D (Low Value / Specialized),OBSERVED_EXHAUSTIVE,AWS S3 gfs.20260828/00/atmos/gfs.t00z.pgrb2.0p25.fXXX.idx (606:436999428:d=2026082800:RH:entire atmosphere (considered as a single layer):anl:),HIGH,Ratio of actual vapor pressure to saturation vapor pressure
gfs,pgrb2.0p25,RH,Relative Humidity,relative_humidity_highest_tropospheric_freezing_level,Thermodynamic / Moisture,nominal,highest tropospheric freezing level,%,instant,instant,N/A,N/A,0,240,3h,True,81/81 leads (100% on 3h grid),deterministic (single run),complete (deterministic),True,True,False,None,None,False,None,Low,Tier D (Low Value / Specialized),OBSERVED_EXHAUSTIVE,AWS S3 gfs.20260828/00/atmos/gfs.t00z.pgrb2.0p25.fXXX.idx (657:487202312:d=2026082800:RH:highest tropospheric freezing level:anl:),HIGH,Ratio of actual vapor pressure to saturation vapor pressure
gfs,pgrb2.0p25,SPFH,Specific Humidity,specific_humidity_2_m_above_ground,Thermodynamic / Moisture,heightAboveGround,2 m above ground,kg/kg,instant,instant,N/A,N/A,0,240,3h,True,81/81 leads (100% on 3h grid),deterministic (single run),complete (deterministic),True,True,False,None,None,False,None,Low,Tier D (Low Value / Specialized),OBSERVED_EXHAUSTIVE,AWS S3 gfs.20260828/00/atmos/gfs.t00z.pgrb2.0p25.fXXX.idx (581:424158019:d=2026082800:SPFH:2 m above ground:anl:),HIGH,Mass fraction of water vapor in total moist air
gfs,pgrb2.0p25,SPFH,Specific Humidity,specific_humidity_30_0_mb_above_ground,Thermodynamic / Moisture,heightAboveGround,30-0 mb above ground,kg/kg,instant,instant,N/A,N/A,0,240,3h,True,81/81 leads (100% on 3h grid),deterministic (single run),complete (deterministic),True,True,False,None,None,False,None,Low,Tier D (Low Value / Specialized),OBSERVED_EXHAUSTIVE,AWS S3 gfs.20260828/00/atmos/gfs.t00z.pgrb2.0p25.fXXX.idx (660:489711530:d=2026082800:SPFH:30-0 mb above ground:anl:),HIGH,Mass fraction of water vapor in total moist air
gfs,pgrb2.0p25,SPFH,Specific Humidity,specific_humidity_80_m_above_ground,Thermodynamic / Moisture,heightAboveGround,80 m above ground,kg/kg,instant,instant,N/A,N/A,0,240,3h,True,81/81 leads (100% on 3h grid),deterministic (single run),complete (deterministic),True,True,False,None,None,False,None,Low,Tier D (Low Value / Specialized),OBSERVED_EXHAUSTIVE,AWS S3 gfs.20260828/00/atmos/gfs.t00z.pgrb2.0p25.fXXX.idx (638:468480011:d=2026082800:SPFH:80 m above ground:anl:),HIGH,Mass fraction of water vapor in total moist air
